Temperature (°C),Humidity (%),Accel_X (g),Accel_Y (g),Accel_Z (g),Soil_Moisture,Light_Intensity (Lux),LIS3DH_Temp (°C),BME680_Temp (°C),BME680_Humidity (%),BME680_Pressure (hPa),BME680_Gas (Ohms)
28.73,43.54,-0.8679999999999999,0.155,-0.424,730.23,311.9,20.64,24.26,43.45,999.07,867.55
28.8,30.33,-1.929,1.854,-1.2390000000000003,458.59,409.87,23.5,34.39,45.83,976.09,227.1699999999999
29.55,41.99,0.588,-1.22,0.343,482.05,1096.06,21.6,25.26,33.29,1044.29,185.39999999999998
30.47,37.28,-1.584,-1.818,-1.862,666.34,982.69,27.58,29.36,60.01,1043.41,358.41
30.03,43.14,0.516,1.492,-0.448,631.48,1988.45,31.58,22.03,39.89,958.27,671.88
34.46,39.98,1.359,-0.733,-0.58,663.21,1122.24,20.21,27.96,53.71,969.5,237.38
26.93,71.44,1.963,-1.4739999999999998,1.882,264.59,600.85,24.33,20.92,51.97,1037.46,262.59
21.6,75.37,1.125,-0.026,0.298,597.27,809.08,23.89,28.45,70.35,1047.75,565.57
32.6,43.7,-0.788,0.729,-1.136,712.83,963.55,24.1,27.77,46.03,984.35,557.91
30.23,79.09,1.783,0.527,-0.493,597.31,1248.8,20.54,27.54,44.74,965.84,368.69
32.03,52.71,1.4390000000000003,-1.419,1.137,759.26,907.93,32.94,32.98,58.64,960.66,254.90999999999997
33.92,47.05,-0.585,1.949,-1.458,604.98,535.96,23.61,24.82,76.83,961.53,205.0
21.02,32.19,0.365,0.971,-0.973,749.82,1823.12,25.92,29.98,56.31,1004.35,932.8499999999999
26.82,69.63,-1.262,-0.797,1.33,231.76,917.75,22.61,27.96,64.88,971.13,848.62
30.12,40.37,0.259,1.088,-0.089,613.68,503.64,33.29,22.47,50.85,1018.16,373.64
20.34,45.96,-0.443,0.229,1.681,540.99,1866.85,29.86,31.46,41.38,963.63,797.18
33.62,75.06,0.954,0.5,0.753,735.38,179.14999999999998,28.11,23.15,51.09,986.3,666.51
26.9,55.98,0.212,1.776,-1.247,344.63,1095.34,26.93,32.6,32.14,971.16,585.59
25.33,46.15,-1.271,-0.402,-1.718,555.43,1661.47,27.79,28.48,68.71,1042.08,737.87
29.83,47.58,1.761,1.015,0.229,524.4,957.7,31.25,31.78,78.25,988.22,476.03
32.65,52.65,-0.179,1.831,-0.7430000000000001,716.37,408.23,22.01,22.69,51.6,1007.52,879.46
24.87,30.98,1.503,1.288,1.868,250.16,1443.44,27.14,34.47,52.89,980.76,980.2
32.66,73.7,1.84,-0.719,0.811,723.36,225.31999999999994,34.24,28.73,68.86,980.67,127.13
22.23,37.99,1.8560000000000003,-0.934,0.864,509.3,1025.89,30.77,29.98,33.87,974.71,318.8
32.73,46.41,-0.548,1.63,1.808,360.87,163.26,29.04,24.83,78.67,960.85,479.72
28.87,59.53,-0.414,1.6570000000000003,-0.021,748.92,1001.15,28.59,27.0,74.33,1046.81,519.92
22.66,57.62,1.34,0.687,-0.491,414.99,875.04,30.55,26.26,37.94,1027.31,467.07
32.18,33.08,-0.16200000000000003,-0.86,1.242,407.64,1447.3,26.86,28.6,37.64,968.7,303.28
31.13,36.03,1.319,-1.547,1.815,218.21000000000004,618.2,31.38,26.05,79.84,1023.15,108.55000000000001
30.04,54.18,-0.6939999999999998,1.675,-1.841,412.99,1253.31,29.12,29.45,65.67,991.69,706.82
21.06,59.53,1.699,-1.12,0.08299999999999999,259.8,1447.92,29.78,32.79,31.35,955.32,781.05
25.81,30.46,-0.073,0.132,1.34,769.57,766.93,23.4,30.01,47.7,1043.11,126.17000000000002
20.28,78.25,0.5739999999999998,-1.857,-0.095,342.39,1429.16,22.12,24.55,75.23,999.55,933.4
25.74,50.7,0.447,-1.257,0.196,735.16,1127.29,34.92,34.44,38.46,966.55,653.83
21.67,75.75,0.37,-0.653,1.721,326.32,909.86,20.81,32.59,40.43,1000.29,417.75
28.01,40.37,-1.841,0.836,0.398,202.15999999999997,1985.82,23.06,20.77,79.7,1039.44,530.27
21.71,48.31,0.878,-1.936,0.764,650.53,1918.27,20.78,24.44,59.99,960.67,196.85000000000002
21.04,43.59,1.783,1.469,-1.4309999999999998,240.56,1674.08,31.19,22.71,41.75,951.08,981.29
24.05,52.6,1.649,-0.469,1.385,489.61,433.6,20.84,26.57,38.15,960.37,149.22000000000003
21.94,45.03,-0.6609999999999999,-0.239,-0.37,216.58000000000004,1613.1,22.87,22.01,71.57,987.16,768.49
22.19,72.88,-0.888,0.366,1.721,425.95,1686.71,30.57,29.35,31.22,960.78,169.49
27.14,73.81,-1.566,1.029,-1.437,280.28,486.72,29.21,25.05,46.63,965.7,588.43
22.39,34.22,-1.614,-0.381,-1.749,495.63,944.3,31.96,25.34,58.59,974.65,459.05
21.75,60.23,0.6720000000000002,-0.553,0.9889999999999999,796.37,409.94000000000005,25.22,32.6,44.06,999.47,379.77
25.69,38.77,0.739,-0.9159999999999999,-1.384,274.81999999999994,1641.4,20.16,24.94,55.27,968.83,492.56
20.58,42.83,1.106,-0.658,-1.352,751.07,526.49,25.3,26.87,53.23,1040.85,822.06
32.39,67.52,0.048,-0.019,-0.773,580.74,1529.67,24.75,26.61,72.8,1028.42,472.22
27.94,48.87,0.215,-0.622,-0.052,684.27,1359.47,26.2,29.7,42.27,986.29,447.81
30.43,79.2,1.397,-0.316,0.296,510.01,1960.05,23.44,22.79,44.22,1029.52,333.36
30.46,54.38,0.509,0.064,1.7289999999999999,548.0,680.5700000000002,25.72,28.4,33.44,1043.32,962.21
22.03,77.87,-1.344,-1.517,0.23,609.11,1982.11,33.07,22.58,75.65,954.25,587.83
28.69,65.52,0.346,1.593,0.158,774.35,623.95,20.99,25.51,59.85,1023.52,283.46
28.59,73.65,0.841,-0.767,1.67,334.7900000000001,1381.38,21.9,30.56,76.51,988.6,638.47
21.65,49.77,0.364,-1.7,1.9769999999999999,542.74,1934.64,29.92,33.92,42.91,967.32,387.5
20.8,73.72,1.464,-0.16,-0.526,594.91,255.15999999999997,32.81,27.79,38.62,1013.91,589.36
22.28,75.85,-0.337,1.297,-1.921,767.23,270.8399999999999,32.13,33.93,78.78,1043.48,798.44
34.28,42.68,0.73,0.979,1.5250000000000001,435.01,376.88,27.84,29.66,60.24,1045.09,383.88
25.45,30.71,1.823,1.157,-0.572,523.88,1849.47,32.91,33.7,66.17,1035.92,821.33
27.16,47.04,-1.118,-1.231,-0.241,358.29,1649.51,31.34,32.44,59.47,1005.76,966.66
28.82,50.58,0.741,-0.727,-0.497,756.8,502.4100000000001,29.14,24.1,69.53,979.19,205.3
23.58,32.54,0.781,1.926,1.524,296.59,875.34,20.68,31.2,44.87,1027.34,969.29
32.23,42.2,-0.6,1.841,0.222,276.59,399.0,31.75,24.13,77.28,997.35,291.21
27.72,49.98,0.016000000000000004,-1.663,0.292,725.34,1296.55,29.78,27.98,67.74,995.85,588.12
31.68,35.33,-0.05600000000000001,0.327,-1.809,578.85,1669.65,22.66,24.57,53.77,961.98,690.73
33.07,68.46,-0.165,1.829,1.846,319.74,1450.71,34.32,34.28,36.41,998.27,275.41
34.53,66.47,0.459,0.192,-1.987,516.05,1951.98,29.34,34.6,58.26,997.09,557.54
31.56,51.2,-1.212,0.7159999999999999,-0.29,594.64,188.29999999999995,30.94,27.82,51.39,1012.49,855.76
34.6,38.15,-1.12,1.922,-1.2480000000000002,405.28,708.66,27.08,29.66,53.84,957.47,724.79
29.53,54.19,-1.111,-1.247,-1.39,497.03,1279.62,24.89,22.78,31.64,964.62,104.13999999999999
20.07,70.21,-0.441,0.40099999999999997,-0.41600000000000004,688.44,1502.23,32.92,27.65,69.96,999.58,830.93
29.12,47.49,-0.284,1.48,-1.534,474.74,579.87,26.92,34.88,39.14,953.24,445.22
31.47,66.26,1.717,-1.735,1.889,564.74,1847.78,20.08,26.0,39.52,990.76,783.39
29.97,43.93,-1.8510000000000002,0.694,1.129,386.0,401.65,23.84,20.07,32.94,951.33,773.54
30.08,56.22,-1.256,-0.49000000000000005,-0.07199999999999998,339.88,1541.72,21.27,22.62,32.86,968.17,816.67
23.61,72.94,1.956,-0.6,1.602,630.17,894.44,27.33,33.48,74.92,1038.11,809.67
33.0,67.36,1.532,-0.662,0.14,450.22,1617.23,24.48,32.41,71.19,962.1,255.78999999999996
28.6,40.34,0.247,-1.308,0.5,759.51,705.26,26.75,29.54,56.85,1011.65,253.2
32.91,75.44,-1.6869999999999998,0.762,-1.302,522.02,1175.95,21.83,25.97,60.75,1003.34,636.7
28.13,37.61,-0.623,-1.754,-1.798,334.7,857.2,33.19,20.61,42.66,989.68,619.99
25.71,53.66,1.605,0.286,-1.254,799.23,1328.93,24.94,24.53,43.14,1039.7,491.55
25.13,75.95,1.408,0.322,-1.791,444.66,1448.01,33.95,31.2,72.13,1044.06,620.55
33.55,71.7,0.36,-0.291,0.779,695.68,1417.1,27.53,23.53,61.25,999.14,890.1
30.87,64.72,1.475,0.65,0.15,433.01,1050.5,32.16,27.02,79.76,1025.34,807.14
28.97,79.94,0.943,-0.157,-0.738,446.42,1920.29,30.0,34.91,71.45,958.26,912.36
31.72,67.53,-1.147,-0.419,-0.795,371.28,507.75,24.18,25.74,57.97,1017.05,571.5
21.46,49.38,-0.576,-0.131,0.543,504.93,1530.48,20.24,32.87,52.99,1019.52,213.8
21.41,73.19,1.625,1.384,0.204,392.92,792.1800000000001,23.77,26.89,33.27,963.91,806.75
21.31,78.98,0.8629999999999999,1.939,-0.123,477.67,1801.98,34.95,28.47,46.55,970.8,182.99
33.47,63.11,0.501,-0.26,1.662,738.27,300.97,30.9,21.39,37.34,1033.25,864.13
26.22,61.81,1.245,0.066,1.017,505.1,1211.11,25.1,24.12,37.54,1028.42,953.1
33.12,31.85,0.072,-0.14,0.03,778.29,282.30999999999995,29.86,24.35,52.49,997.5,415.55
33.92,52.94,-1.668,-1.642,1.931,384.42,1671.77,28.05,26.39,48.88,979.51,861.33
20.34,37.4,-1.025,-0.814,-1.602,491.38,1779.63,20.86,30.6,69.92,959.62,513.74
20.44,37.28,-0.621,-1.387,-1.361,769.85,1366.41,27.66,21.83,71.01,983.41,807.01
30.4,67.62,0.353,-0.311,1.443,347.07,554.03,24.28,22.29,73.71,1033.74,234.78999999999996
34.53,42.84,-1.804,-0.225,-0.771,671.2,531.11,30.32,20.32,78.11,1002.84,957.54
32.93,68.27,-0.13,1.345,-1.263,211.99,1703.59,23.09,32.31,31.75,1026.14,732.07
30.59,70.54,0.282,0.287,-1.888,732.91,1832.82,34.63,28.83,55.86,988.65,332.47
26.13,36.2,-0.41700000000000004,-1.7970000000000002,0.74,483.38,398.68000000000006,24.63,27.07,56.5,963.82,153.02999999999997
32.81,48.57,-1.968,-1.709,-0.407,294.47,880.14,25.78,20.79,50.15,969.85,254.83999999999997
32.54,40.91,-0.669,1.846,0.713,542.55,854.17,34.38,27.46,69.7,951.32,863.14
25.51,42.94,1.348,1.103,1.178,298.76,1771.76,30.86,33.45,36.48,977.25,923.21
31.91,36.7,-0.107,0.834,-1.952,313.92,1584.57,27.86,24.07,53.6,1027.34,536.9
27.86,79.93,-1.91,-1.23,-0.568,618.56,1644.01,28.71,26.5,47.57,1041.59,905.63
24.82,47.28,-0.022,-0.639,0.906,742.63,672.39,23.14,20.23,41.0,1042.06,299.61
30.96,55.31,-1.885,1.81,-1.052,460.9,233.45000000000005,27.63,30.31,30.44,1009.02,471.91
32.38,30.31,-1.534,-0.813,-1.15,421.23,995.18,22.09,20.29,36.8,1004.56,982.19
20.26,32.02,1.515,-1.761,-1.651,378.9,1236.4,25.34,25.28,36.2,952.07,143.83000000000004
27.37,35.45,0.108,0.9800000000000001,0.866,424.11,1315.84,32.63,21.1,37.8,963.79,792.75
27.04,37.17,0.862,1.209,1.156,391.26,1836.9,33.47,30.57,56.3,972.83,676.31
27.81,35.18,0.515,-1.818,1.859,415.51,1026.05,26.9,24.48,79.77,1034.75,750.89
20.82,76.96,-1.975,0.548,0.359,535.27,1084.92,22.48,31.12,72.5,1038.98,306.51
34.6,30.9,1.457,1.749,1.407,608.56,240.10000000000002,32.83,31.39,43.92,997.63,780.15
31.59,63.31,-0.373,0.49600000000000005,0.039,357.73,1282.52,28.17,22.82,36.45,1042.53,977.6
29.09,32.16,1.997,1.954,0.699,355.84,784.58,21.81,30.05,74.65,1014.7,795.32
31.81,65.83,-0.118,1.963,-1.62,352.02,643.88,25.22,27.21,77.69,1005.28,217.58000000000004
34.17,38.01,1.031,1.073,-0.9600000000000001,273.25,1132.32,27.41,26.22,63.58,955.85,103.15999999999997
28.8,69.72,1.573,1.807,0.531,393.26,1655.45,24.24,20.8,71.38,998.92,802.99
30.43,70.82,0.848,-1.878,-1.786,501.58,1998.02,25.85,27.91,51.08,1038.71,797.52
29.75,72.01,1.869,-1.674,1.738,583.75,126.02999999999997,34.18,31.99,48.25,1005.92,335.08
22.54,31.69,-1.131,1.174,0.746,328.84,1960.47,32.41,30.63,57.01,1027.15,331.99
20.26,63.37,-1.783,-1.729,0.147,735.85,1161.54,20.2,20.01,74.51,1006.82,171.07
29.51,70.56,-0.582,0.494,-0.512,493.47,1482.01,34.07,27.55,68.07,1042.31,893.09
22.44,72.24,1.127,-1.629,0.647,678.27,142.74,27.86,24.15,79.07,995.41,777.73
23.38,79.83,-1.059,1.233,1.885,573.18,1098.15,21.39,31.18,36.04,974.54,866.23
24.8,59.81,-1.481,-1.709,-0.394,728.95,1221.1,29.9,30.9,75.13,972.77,383.44
24.65,57.44,-0.839,-1.032,0.962,292.2099999999999,659.41,24.83,28.66,45.6,1016.49,842.64
26.37,61.42,1.4329999999999998,0.273,-1.609,330.84,782.86,32.57,31.36,41.23,1033.1,378.58
21.14,65.57,-1.0,-2.0,-1.383,476.85,1271.85,33.47,26.66,78.16,956.87,883.31
29.1,45.48,1.447,-0.268,-1.4140000000000001,681.08,1177.32,31.11,21.07,65.02,1030.86,521.31
28.95,46.18,-1.023,0.841,-0.833,464.28,401.23,27.3,27.26,58.08,968.26,539.04
25.99,33.76,-1.83,0.719,-1.573,400.65,1110.98,31.53,27.8,44.07,1016.83,252.32
22.58,36.63,-1.144,-0.9769999999999999,-0.248,613.84,1901.77,27.94,24.73,59.41,997.02,574.46
22.84,34.84,0.549,-1.706,-0.8239999999999998,498.29,539.74,30.97,27.58,59.84,965.67,139.94
33.88,71.42,1.146,0.78,1.462,505.52,1232.13,30.7,20.18,34.09,997.22,168.13
33.55,69.43,1.399,1.116,0.536,568.67,425.67999999999995,28.33,32.1,68.07,955.77,905.99
31.6,55.66,-0.269,-1.796,-1.485,592.88,1415.07,32.46,22.22,35.6,995.41,590.98
25.98,75.12,0.717,0.614,-0.005999999999999998,454.79,598.57,29.22,25.68,35.7,1043.08,428.05
30.55,48.52,-0.212,-1.498,0.908,382.09,479.04999999999995,21.95,32.99,60.13,967.1,574.86
33.48,73.39,1.52,1.928,-0.346,223.61,1195.58,30.5,26.39,54.65,1026.49,711.63
27.81,37.96,1.396,1.5960000000000003,-0.145,251.85,435.01999999999987,21.2,31.15,79.62,989.53,200.44
23.11,49.59,0.04000000000000001,-1.079,1.837,440.07,985.83,24.98,33.73,49.45,995.46,650.71
34.23,51.78,-0.798,0.508,1.394,698.07,963.19,32.77,25.89,33.91,984.94,575.7
25.91,54.09,-0.082,1.767,1.754,743.03,1970.78,28.84,24.13,64.77,972.25,420.96
22.77,56.58,1.516,-1.672,-1.186,435.13,1169.56,29.41,34.15,78.36,981.32,218.39
34.45,51.72,-1.543,1.854,-1.634,706.21,953.17,33.86,26.16,66.18,1037.03,440.11
21.87,47.3,0.561,-0.769,1.62,763.15,736.32,33.74,27.81,31.71,1013.27,656.63
28.4,43.33,-1.333,0.3459999999999999,1.2529999999999997,346.13,461.62,28.04,25.15,58.53,952.64,353.49
23.42,50.01,-0.427,-1.393,-0.488,700.2,574.78,28.42,26.97,46.26,1009.56,365.9
32.69,44.14,1.188,0.374,-0.511,792.2,1062.35,25.85,20.99,76.47,1016.77,541.75
23.64,41.8,-1.357,1.303,-1.5200000000000002,735.48,154.51999999999998,34.77,27.9,74.4,973.0,278.17
23.47,66.69,1.119,0.662,1.808,718.59,1192.25,21.89,32.34,55.52,1015.29,466.98
27.34,78.8,-1.817,-0.884,0.543,715.47,1141.25,32.58,24.88,32.03,972.3,252.41999999999996
32.19,60.08,1.7550000000000001,-0.437,-0.207,544.29,1035.55,29.67,27.43,79.1,963.61,113.35000000000002
34.86,39.37,0.6820000000000002,0.36400000000000005,-1.419,444.07,768.73,30.79,26.25,37.84,1019.24,305.26
24.68,44.49,1.417,-1.849,-0.135,352.23,408.74,22.2,31.51,67.7,988.87,232.06
28.44,56.5,1.2889999999999997,0.719,-0.099,663.49,1038.78,27.98,29.61,71.73,1002.75,549.8
31.79,63.39,0.033000000000000015,0.14,-1.2569999999999997,720.98,1824.16,33.99,33.41,75.06,984.6,743.53
29.74,42.18,1.219,1.992,-1.8649999999999998,709.65,980.31,20.79,20.45,66.68,1013.6,864.24
33.2,57.74,-0.9860000000000001,-1.4850000000000003,0.99,501.97,135.30999999999995,22.12,32.73,38.41,1028.46,667.94
25.87,72.55,0.36,1.015,-1.65,769.32,1826.73,33.43,31.21,71.35,965.32,581.23
30.75,75.41,0.387,1.134,1.6180000000000003,387.78,1788.61,21.67,27.92,76.08,1009.13,309.43
32.77,37.4,-0.573,-1.459,0.403,778.88,1463.0,26.04,22.39,58.65,1045.67,606.53
29.79,63.18,0.05399999999999999,1.373,1.5970000000000002,593.43,1374.49,23.19,29.02,46.84,1043.22,149.08000000000004
30.15,43.57,1.773,-1.906,-0.542,259.55,1891.12,31.99,25.26,48.45,986.53,638.97
29.59,31.27,1.542,0.311,-0.509,644.53,1778.5,26.16,28.04,55.78,970.26,120.94999999999999
27.47,44.62,1.94,1.503,-0.694,424.8,980.49,21.45,28.3,71.52,1047.54,158.74
33.08,50.81,-0.358,0.202,1.602,267.35,888.84,33.26,34.83,78.37,1040.38,136.39
27.75,78.04,-0.972,0.06,0.578,426.77,1028.12,34.57,20.79,73.65,1019.82,298.22
34.13,77.9,0.275,0.706,-1.365,619.73,1987.96,20.05,30.07,74.16,1044.06,554.4
32.23,46.58,1.325,-0.106,0.042,480.03,541.82,23.54,24.71,45.14,1030.76,403.05
32.79,67.76,-0.827,-0.833,1.148,483.09,1633.15,33.79,27.18,76.65,979.53,564.92
21.06,52.11,-1.502,-0.51,0.377,629.92,1391.9,27.09,25.95,57.59,970.96,928.77
28.41,66.55,0.714,0.40099999999999997,1.859,469.93,423.96000000000004,26.61,23.04,55.48,975.57,971.32
21.55,39.45,-0.361,-0.533,-1.539,253.25,1976.9,29.87,32.76,30.46,1026.91,113.88999999999999
22.75,40.49,-0.201,1.106,-1.4480000000000002,581.16,559.43,34.52,25.91,43.81,1003.69,113.44
29.93,36.5,0.724,0.315,-0.035,695.09,1080.02,32.53,32.19,51.19,1027.7,612.31
27.58,36.86,-1.891,1.533,0.07899999999999999,333.15,139.03999999999996,20.8,21.37,54.43,1036.19,235.77999999999997
26.61,67.78,0.469,-0.61,1.004,215.89,1115.4,30.94,28.64,48.94,1041.34,855.73
30.75,71.62,-1.282,-0.334,1.221,478.23,1840.81,24.63,34.89,55.38,970.83,166.94
21.03,74.7,0.842,0.304,-0.45100000000000007,724.57,1917.15,32.54,25.0,58.82,990.81,594.8
31.31,30.8,0.884,-0.809,1.2440000000000002,212.12,1823.0699999999997,22.57,32.78,43.34,1021.16,736.2
30.71,44.23,-1.145,-0.127,1.73,642.82,470.20000000000005,22.24,34.19,64.15,1045.59,547.0
33.78,72.47,-1.56,0.264,-1.9459999999999997,781.29,926.13,32.96,24.7,57.02,957.28,434.84
34.66,61.6,-0.211,-0.564,-0.25999999999999995,218.34000000000003,326.46000000000004,29.63,23.8,66.88,978.52,857.88
23.94,78.65,1.255,1.6420000000000001,-1.9119999999999997,609.88,693.48,28.1,20.03,63.6,1047.13,761.03
21.46,55.89,-0.606,0.9,1.6139999999999999,539.45,639.9,32.9,20.29,59.47,1010.09,682.19
20.72,39.8,-1.095,0.845,1.669,360.36,1316.67,32.15,31.54,57.27,1000.36,718.51
28.3,35.31,-0.351,-0.659,1.247,247.23000000000002,130.68000000000006,27.71,30.58,77.77,977.25,251.74
21.22,74.63,-1.9399999999999997,0.067,-0.533,209.03999999999996,878.04,31.87,24.24,55.91,950.96,174.07
30.2,56.94,-0.873,0.055999999999999994,-0.387,534.92,470.21000000000004,30.12,32.78,67.96,1018.56,930.34
21.98,72.64,0.6459999999999999,1.9989999999999999,0.268,293.58,1703.78,20.56,26.23,59.31,991.76,377.84
25.4,57.09,1.495,-0.308,0.612,550.44,134.15999999999997,30.43,26.24,31.08,970.36,851.09
33.01,71.82,-1.726,0.171,1.9739999999999998,514.16,1319.91,22.71,25.08,39.36,1009.93,893.46
31.84,69.65,1.812,-1.597,-0.276,328.96,1200.0,22.16,23.34,69.52,1046.88,156.81
20.41,61.03,1.196,-0.768,0.906,512.27,1552.53,33.39,26.14,56.24,980.09,166.35000000000002
27.78,63.85,-0.322,1.6760000000000002,-1.838,451.65,1419.79,27.1,20.66,77.68,985.38,644.88
23.4,52.45,-0.411,-1.2040000000000002,-1.307,474.62,1115.76,20.72,26.41,35.82,979.62,584.13
26.75,59.31,-0.295,0.217,-1.7839999999999998,685.82,616.53,27.25,25.2,51.26,1049.63,131.64
26.96,60.74,0.424,1.382,-0.18399999999999997,595.37,1480.72,30.0,24.26,55.54,1028.04,636.7
24.41,64.8,1.8270000000000002,1.297,-0.937,447.54,628.71,32.64,26.51,73.93,1043.17,900.66
30.88,40.65,1.237,1.815,0.683,606.55,241.67999999999995,33.81,27.98,62.48,1049.31,342.71
29.63,66.69,-1.054,1.107,1.528,661.31,866.94,24.21,21.78,68.47,1030.63,410.39
23.18,49.54,-0.586,0.099,-0.554,271.49,1038.09,21.59,31.01,52.25,1046.45,818.67
25.54,72.92,-1.303,1.409,-1.344,765.46,1628.79,23.69,32.79,43.45,950.84,121.82999999999998
32.82,66.8,-0.94,1.359,-1.3,723.97,755.44,22.36,21.12,69.9,993.22,219.10000000000002
32.78,63.13,-1.994,0.218,0.451,692.78,206.9999999999999,32.82,26.46,68.79,1042.04,485.0
33.73,52.36,0.476,1.291,-0.148,628.85,1726.37,20.63,25.58,77.52,973.37,137.09000000000003
20.47,60.28,0.153,-0.611,-1.4989999999999999,406.57,486.9200000000001,33.63,31.66,60.16,965.85,431.98
28.39,69.33,0.501,-0.1,1.697,651.44,369.24,27.19,30.41,50.21,1047.75,219.09000000000003
30.46,43.8,0.105,0.232,1.2780000000000002,385.85,893.99,21.68,20.67,45.68,1020.74,602.82
20.41,36.29,-0.131,-0.976,-1.313,683.41,689.7,28.75,33.87,56.93,1001.78,312.07
31.26,36.72,1.434,0.16799999999999998,-0.532,695.2,649.01,24.53,27.41,56.08,992.83,674.35
21.87,56.83,-0.8580000000000001,-1.338,-1.317,617.22,1252.89,32.68,31.04,54.78,980.59,189.68
23.11,73.81,-1.265,-0.14,-0.144,634.42,695.05,26.64,26.87,55.91,1019.66,649.05
25.39,59.31,-1.118,-1.283,-0.895,289.39,958.59,27.32,27.87,38.72,1013.68,778.6
26.56,67.27,0.024000000000000004,-0.328,1.002,565.34,649.98,34.93,25.03,44.61,1004.42,865.81
24.67,33.04,-1.197,-1.243,-1.146,738.87,199.29999999999995,22.2,23.65,41.8,1041.78,906.47
24.15,59.5,-0.468,-0.078,-1.247,308.26,788.05,20.48,25.35,76.45,1038.52,526.59
34.34,40.55,-1.243,-0.534,-0.266,382.71,1857.49,23.19,32.01,75.02,1027.23,301.94
22.49,48.46,0.869,-0.048,1.8310000000000002,584.49,1264.83,31.42,32.1,36.18,982.01,673.0
23.59,75.94,0.844,0.324,0.37299999999999994,436.79,1326.91,22.77,27.48,68.39,997.77,497.93
27.94,30.59,-1.654,0.875,-0.736,296.63,156.29999999999995,34.07,27.2,40.65,969.18,467.04
31.39,68.77,-1.7559999999999998,-0.074,1.836,739.2,1278.69,25.12,34.37,54.91,974.47,346.31
29.96,32.16,0.721,-0.308,0.065,540.44,196.04999999999995,25.33,28.67,53.58,1019.61,383.34
33.12,60.37,0.926,-1.844,-0.171,740.94,963.61,26.08,22.54,71.61,959.89,197.98000000000002
30.68,46.75,1.674,1.437,-0.623,602.74,1106.01,27.95,27.16,68.12,950.81,671.43
32.39,57.29,1.335,1.2849999999999997,0.996,650.5,1539.61,32.77,20.61,34.18,977.24,741.54
32.9,42.49,-0.035,0.146,-1.793,452.18,1604.9,23.9,32.54,66.96,960.48,884.7
32.01,48.61,-1.857,1.446,-0.579,514.12,339.80999999999995,33.34,26.72,38.99,985.88,608.8
26.95,74.08,-1.236,1.726,0.611,381.53,1780.97,27.14,29.57,62.14,1041.73,182.8
25.54,65.56,1.095,0.491,-0.129,705.91,1396.19,25.03,27.4,74.73,965.33,871.99
31.36,74.57,1.031,0.975,-1.158,231.38,751.04,31.14,34.16,35.99,1011.29,452.02
26.48,33.98,-0.49,1.156,1.354,354.27,1355.74,32.94,25.41,59.57,1039.86,650.51
24.09,37.52,1.54,-1.247,-0.128,515.44,1065.26,29.14,24.56,74.4,973.0,309.32
31.59,54.87,-0.193,-0.986,-1.943,749.09,274.6600000000001,27.81,23.51,40.5,997.99,499.01
22.29,78.47,0.309,0.934,1.154,251.52,1829.93,27.0,20.47,37.9,1042.95,277.88
24.44,68.64,-0.315,-1.8959999999999997,1.279,675.39,1489.87,28.79,29.07,32.7,953.34,964.0
22.85,68.09,-0.191,-1.726,-1.472,422.18,959.56,22.2,34.67,72.8,1023.55,200.39
28.31,66.04,-1.214,1.774,-1.081,357.78,1916.33,29.32,27.7,34.69,1038.79,533.01
27.44,54.29,-1.416,1.978,1.791,765.57,1899.84,31.35,28.81,32.92,999.41,749.32
31.72,67.51,-1.761,-1.8729999999999998,-0.279,672.44,985.4,21.92,33.67,70.76,1011.13,420.43
30.49,56.91,0.957,1.713,-0.837,378.56,529.59,23.73,29.37,43.12,970.2,916.51
32.0,43.17,-1.988,1.4669999999999999,-0.076,577.93,1017.97,24.97,27.46,51.21,1039.58,130.97000000000003
26.51,67.19,-1.746,-0.465,-1.598,460.23,1569.54,23.76,24.31,34.74,1002.4,562.9
23.13,33.36,0.38100000000000006,1.878,1.116,449.71,882.03,24.17,34.19,65.42,1024.17,948.62
25.76,52.3,-1.462,0.101,-0.803,625.27,486.28999999999996,22.13,25.59,77.34,1030.37,201.76
28.39,77.37,-1.9859999999999998,0.872,0.11800000000000002,408.98,1645.41,31.55,23.14,78.82,1036.85,225.02999999999997
28.44,36.48,0.855,-0.826,-0.4010000000000001,467.69,1770.99,20.57,21.96,38.93,1039.63,165.07
23.26,31.26,0.735,1.522,-0.002999999999999999,608.75,1274.81,27.59,22.01,57.31,1024.31,330.97
29.44,66.84,0.926,-1.767,0.10299999999999998,574.78,1153.28,33.09,30.79,69.23,974.3,136.10000000000002
23.58,40.45,0.44999999999999996,1.605,-1.468,332.90999999999997,1021.82,32.86,20.88,63.87,999.79,871.29
26.38,61.53,-1.542,-0.131,0.92,672.25,1713.78,24.6,25.41,40.61,995.59,831.24
30.18,37.11,0.081,1.189,0.544,280.30000000000007,294.8299999999999,29.57,32.17,64.08,971.12,664.95
23.82,45.86,1.747,-1.666,1.302,220.24,593.7,23.86,32.92,43.68,1046.02,737.49
24.97,37.25,-0.48100000000000004,-0.53,-1.302,644.77,1961.78,31.95,23.93,78.19,960.69,577.5
25.81,32.57,1.123,-0.71,-0.21,397.92,435.87,29.23,33.53,53.24,971.7,986.72
23.17,64.63,1.626,-0.454,0.509,588.74,1541.13,31.38,22.57,44.72,981.65,673.59
33.58,74.81,1.6400000000000001,1.1970000000000003,1.256,566.81,1483.08,26.88,24.06,38.96,1039.81,983.91
33.3,43.04,-0.785,-0.643,-0.759,724.62,1678.77,24.36,30.32,66.27,957.04,763.67
22.3,56.05,-0.134,1.462,0.501,610.17,1737.52,33.39,23.7,77.96,980.67,976.07
30.74,70.47,-0.214,-1.299,0.879,523.61,747.61,28.97,33.08,33.18,998.92,930.97
27.65,42.25,-0.922,-0.14500000000000002,-0.185,230.66999999999996,1866.38,28.27,29.92,43.68,1040.32,679.51
33.07,67.56,-1.695,-1.629,-0.729,363.82,668.69,20.47,33.89,38.56,1039.11,608.29
24.69,63.22,-1.3419999999999999,0.431,0.681,551.33,275.81999999999994,28.0,31.42,70.44,1048.79,975.18
27.25,40.08,1.75,0.16799999999999998,-0.4020000000000001,678.41,1405.18,23.05,27.54,54.37,1038.49,206.12
34.97,63.84,-0.91,0.423,0.213,412.52,1205.03,27.22,24.04,38.72,1033.0,773.99
28.57,57.9,1.464,1.61,-1.76,721.23,1046.99,23.61,21.16,63.91,1042.23,816.55
24.67,40.51,-0.657,-1.202,-1.383,299.46,857.17,22.31,31.21,72.86,979.61,837.49
34.2,71.39,1.012,0.049,-0.772,481.28,1757.16,21.03,23.33,72.83,953.51,748.28
23.28,43.33,-0.9959999999999999,0.047,1.275,709.36,1249.85,34.31,32.8,61.9,980.61,271.97
32.85,49.01,-1.5520000000000003,1.145,1.573,694.33,842.28,22.09,22.04,48.68,1033.19,399.19
32.92,40.16,-0.126,0.203,-0.294,678.8,1361.54,25.58,28.83,53.66,963.5,913.57
26.41,31.48,-1.1519999999999997,-0.501,0.24799999999999997,543.06,1933.86,20.25,31.63,70.11,1015.82,762.98
33.1,79.67,-0.785,-0.9979999999999999,-1.8649999999999998,367.6,1694.27,24.12,31.41,37.25,968.54,410.43
22.19,39.3,1.532,0.743,0.094,750.0,400.13,23.12,25.1,50.56,1042.47,762.68
34.66,66.45,1.537,0.777,-0.583,417.59,1070.57,25.3,22.73,48.63,964.51,465.3
31.33,48.04,-1.047,-1.9640000000000002,1.154,786.89,1295.43,20.06,31.4,43.29,1027.43,437.91
27.61,45.79,-0.095,-0.442,-0.461,386.1,333.03999999999996,25.33,24.4,60.05,1012.25,781.65
28.02,40.95,1.9189999999999998,-1.192,-1.544,573.57,1407.19,33.62,28.95,37.61,1022.97,575.71
32.63,67.42,-0.801,0.696,-0.885,569.32,1251.5,21.18,20.55,58.84,991.78,203.07
28.82,50.12,1.895,0.6209999999999999,0.49700000000000005,210.77999999999997,857.73,31.19,23.3,46.33,971.98,158.68
34.93,58.29,0.108,0.342,1.04,475.67,1610.3,34.8,24.0,75.6,1027.87,940.18
30.27,65.63,0.27,-1.924,-0.774,391.32,1262.32,29.35,34.99,75.41,1022.11,754.76
30.75,57.97,1.789,0.053,-0.903,541.97,1511.85,23.57,24.29,42.78,956.71,243.09000000000003
20.76,32.93,-1.929,-1.582,-0.7090000000000001,737.59,194.06999999999994,21.67,32.43,54.63,1032.93,377.68
30.38,68.61,0.713,0.783,-0.46799999999999997,476.37,445.95000000000005,20.14,27.14,74.72,988.12,470.56
27.55,39.69,0.339,-0.074,0.371,439.68,1472.72,34.53,34.17,46.29,951.51,504.63
28.87,71.83,0.792,-1.084,1.401,506.28,704.47,26.26,26.51,69.75,980.75,543.56
25.16,44.76,-0.261,1.887,1.92,595.95,694.76,20.29,27.06,55.45,969.13,724.44
23.3,57.93,1.959,-1.942,0.183,535.86,540.44,28.49,28.78,57.19,1047.68,481.82
20.75,56.35,-1.612,0.687,-1.911,605.29,646.05,29.43,32.35,43.17,993.31,922.71
30.24,38.29,1.86,1.343,1.012,518.9,162.60000000000002,26.42,34.52,33.48,1034.38,934.75
27.47,50.14,-0.8449999999999999,-1.192,0.309,562.16,1080.17,27.02,26.06,62.93,985.67,825.87
31.7,77.08,1.463,1.0,-1.167,496.02,995.1,34.81,32.29,44.41,974.12,984.01
26.14,33.16,1.069,-0.724,0.24899999999999997,245.87,1234.79,28.59,23.74,64.19,990.58,247.35000000000002
34.24,62.4,-0.782,0.549,-1.756,377.65,581.7,27.28,21.5,69.48,1023.35,677.89
24.63,44.14,0.545,0.339,1.823,241.39999999999998,1938.7,23.94,27.75,53.59,1039.35,679.7
22.29,54.85,-1.544,1.312,-0.685,373.15,1153.79,26.81,29.44,37.49,955.23,941.28
26.79,71.1,0.615,-0.725,0.464,413.67,1507.49,20.17,21.35,66.74,988.16,762.68
22.78,57.0,0.079,-1.836,0.49500000000000005,524.2,1538.59,29.95,30.89,76.78,1038.22,414.59
22.37,56.41,0.9810000000000001,0.758,-0.11200000000000002,732.17,1387.59,29.13,32.64,68.77,1036.16,672.19
30.71,42.31,-0.616,-0.923,-1.919,644.1,1496.18,28.49,29.8,65.73,1009.74,514.45
32.12,34.13,-0.908,-1.129,0.692,314.22,850.82,25.75,25.67,51.25,998.22,216.94
20.88,31.67,1.443,1.293,-0.05,684.99,1532.69,27.54,24.56,43.37,1040.75,842.28
22.34,41.35,-0.971,0.416,-1.926,416.08,595.4200000000001,24.29,29.09,51.41,965.3,887.0
29.42,40.29,0.12299999999999998,0.532,-1.728,331.09,772.85,20.7,28.03,68.14,978.9,794.27
20.75,74.76,1.256,-0.205,1.61,348.69,1227.88,34.11,33.85,70.8,957.86,321.07
29.1,59.98,-0.857,1.781,1.7500000000000002,336.26,141.0,26.35,30.22,79.04,1037.34,693.11
33.62,64.86,0.543,-1.501,1.08,332.4,1768.06,30.53,28.19,38.57,1035.06,693.12
33.49,47.7,-0.201,1.951,1.863,344.74,1860.31,27.18,22.55,51.88,954.13,787.99
27.34,72.82,1.907,-1.7930000000000001,-0.602,429.86,1808.35,21.82,20.52,71.1,1015.23,803.45
24.17,78.0,0.117,-1.288,-0.598,729.09,1490.54,24.43,29.98,61.43,972.92,547.37
24.12,40.08,-1.952,-0.016,-0.7790000000000001,324.81,861.89,29.21,31.87,49.29,1048.64,653.22
26.65,61.4,-0.432,0.15,-1.379,610.15,1562.21,26.45,33.95,58.2,999.01,197.96000000000004
22.93,79.56,-0.6640000000000001,-0.431,1.849,716.4,1694.43,24.16,21.05,61.15,967.96,940.26
33.54,40.69,0.30399999999999994,-0.078,1.063,429.3,1846.85,22.64,24.99,70.01,1038.75,506.24
27.33,45.23,1.497,-1.031,0.7730000000000001,316.25,1719.0,29.51,22.51,49.97,963.96,650.09
34.32,51.93,1.773,0.941,-0.876,363.73,667.17,32.73,28.79,51.83,1016.96,375.66
27.74,51.07,-1.328,0.328,0.319,419.59,148.18000000000006,27.84,31.61,55.38,1024.89,924.01
20.25,57.86,1.52,-1.731,-0.058,327.13,1848.95,24.82,30.04,47.03,1025.99,239.51999999999998
20.86,37.58,1.754,1.587,-0.055999999999999994,442.66,1993.16,33.99,20.76,41.91,1004.06,588.63
30.1,67.44,-1.3849999999999998,1.665,0.713,310.01,1238.22,29.57,20.19,44.42,993.33,291.41
31.09,70.31,-1.1,-0.906,-1.791,467.37,402.0,29.64,34.84,58.91,1001.77,692.87
32.9,50.07,0.365,1.705,0.41,594.36,367.13,28.62,28.67,62.58,995.8,434.16
28.97,60.39,-1.1519999999999997,-0.571,-0.494,373.43,254.5,22.93,27.45,71.76,1049.02,287.03
23.21,44.79,-0.581,-1.26,-1.272,643.03,224.34000000000003,31.19,32.91,67.5,979.85,786.52
24.84,36.97,-1.041,1.057,1.388,461.75,333.94000000000005,32.82,22.17,56.16,992.31,893.02
23.97,62.44,-0.232,-1.579,1.596,395.41,1761.4,24.94,25.99,39.4,954.93,459.27
32.96,73.15,0.461,0.711,0.794,265.23,1175.14,27.91,32.64,68.71,951.66,232.35000000000002
23.28,57.88,-1.4829999999999999,0.204,1.13,609.76,325.46000000000004,32.35,21.21,66.78,1037.94,133.89
27.67,33.82,1.836,0.459,-1.931,287.8399999999999,1947.74,34.84,31.37,51.65,951.44,232.39
22.91,47.32,-1.064,-0.622,-1.992,312.44999999999993,471.03999999999996,26.06,29.76,32.63,962.05,633.0
28.51,50.14,0.341,-1.917,-0.5020000000000001,293.11,499.25,23.74,21.68,44.4,976.24,901.82
34.57,33.42,0.31700000000000006,0.074,0.382,382.32,303.0899999999999,31.44,33.24,49.92,1038.93,345.94
27.77,49.79,-1.489,-1.179,0.353,343.81,1959.6,29.47,21.67,36.91,1002.39,305.02
28.9,59.62,0.647,-0.485,-1.331,262.59,1510.25,33.06,30.6,79.01,1004.7,447.21
33.14,45.71,-0.379,1.179,0.874,427.83,1627.08,23.03,25.79,54.37,983.48,108.67000000000002
28.83,63.55,0.595,-0.093,1.995,592.94,1905.7,29.79,28.81,79.91,1030.89,898.55
22.76,47.07,-0.197,-0.934,1.664,238.40999999999997,807.51,26.9,26.89,47.45,951.1,824.84
21.9,79.03,-1.219,0.643,0.49900000000000005,798.18,1521.27,32.9,21.62,33.97,961.04,724.14
22.35,73.67,-0.30699999999999994,-0.658,0.605,721.74,402.80999999999995,34.03,32.54,71.22,952.6,517.72
25.81,66.7,1.319,-0.486,-1.653,338.29,1796.25,34.73,30.88,54.0,985.09,114.85000000000002
22.49,47.77,-1.977,-1.811,-0.978,202.32,191.03999999999996,32.84,23.32,73.35,961.02,386.89
29.08,54.18,0.728,1.274,-1.646,287.78999999999996,1933.06,23.53,24.74,58.07,1013.77,214.01999999999998
29.4,64.07,-0.893,0.612,-1.995,250.23,404.63,31.51,23.4,31.31,1028.16,863.14
23.12,57.07,-1.209,-0.499,-0.575,674.01,1414.95,31.01,22.83,71.25,966.74,298.98
21.91,55.27,0.552,1.873,-1.2350000000000003,478.39,265.98,31.12,26.88,42.37,973.56,950.53
27.42,67.29,-1.708,-1.8009999999999997,1.867,297.66,500.3399999999999,27.79,26.87,63.58,954.16,103.15999999999997
23.5,62.68,-0.866,1.622,-1.402,456.6,1900.22,26.97,30.15,48.71,1046.11,902.9
22.96,30.67,-1.512,0.765,0.904,469.09,1113.91,20.19,34.44,38.24,1036.68,252.36
34.34,57.5,1.462,-1.92,-1.232,546.43,250.80999999999995,22.9,21.68,51.37,956.9,922.36
24.03,78.24,-0.316,-0.797,-1.103,376.9,1089.6,27.42,20.94,55.48,951.12,634.76
26.05,49.6,1.8960000000000001,1.385,0.012999999999999998,367.2,1087.28,23.43,24.11,55.11,977.94,675.17
23.86,50.63,1.27,0.678,1.269,601.6,822.85,31.62,28.48,49.94,1001.16,964.58
25.17,30.7,0.315,0.048,-1.63,397.57,1941.96,32.99,29.99,47.17,968.32,121.98000000000002
32.51,38.81,0.008999999999999998,-0.334,-1.269,556.66,1467.77,29.44,21.44,37.4,981.58,509.09
34.34,36.88,1.993,1.133,1.834,251.94,1234.5,28.23,20.1,55.88,960.09,320.31
31.46,73.06,0.411,-1.894,1.558,749.48,1849.03,30.99,28.97,41.94,1040.89,703.64
26.53,36.95,1.4329999999999998,0.442,1.182,557.35,240.86,34.71,20.87,34.56,989.26,376.85
32.84,45.48,1.4390000000000003,-1.362,-1.521,200.26,1811.94,33.1,28.01,70.28,1039.56,544.7
29.41,33.27,1.4130000000000003,-1.267,0.221,539.15,474.80999999999995,31.9,25.98,54.02,993.77,885.92
25.91,74.32,-0.267,-0.025,1.6139999999999999,686.32,1197.0,23.99,27.2,44.69,990.42,384.92
31.43,51.84,0.05899999999999998,0.988,-1.366,626.03,709.11,31.45,22.1,75.83,1037.56,166.72000000000003
21.02,56.42,1.481,-0.302,1.891,774.61,1867.05,31.72,20.15,33.98,960.12,687.86
20.72,66.94,-1.511,1.964,1.327,491.06,502.19000000000005,33.96,21.9,44.31,973.42,467.63
28.14,69.51,-0.819,-1.59,-0.721,311.42,107.89999999999998,31.92,34.6,58.17,1041.19,246.52999999999997
32.12,55.83,0.851,0.7,-0.539,295.91,1793.5,24.94,30.08,50.53,1024.92,424.79
20.94,42.43,1.94,-1.279,1.554,265.63,1098.67,21.9,33.48,63.48,962.22,733.75
23.19,34.4,-1.666,1.7860000000000003,1.747,535.37,1472.1,23.8,28.35,44.21,1048.17,876.84
29.81,73.81,-0.156,-0.922,1.36,449.04,121.60000000000014,27.86,31.28,43.35,990.02,785.55
20.94,69.1,-0.667,0.617,-0.183,715.07,150.53999999999985,29.06,34.13,69.57,1010.52,800.94
27.91,48.09,1.782,1.568,-1.26,775.04,1379.66,33.15,32.14,56.52,957.09,944.22
33.78,64.61,-0.181,-1.817,-1.674,493.33,902.54,31.6,33.54,40.1,1013.44,287.0
26.28,31.69,-1.993,-0.502,-1.884,678.47,1657.83,29.89,29.13,68.65,1010.64,841.51
28.03,76.38,0.611,-0.643,-1.3540000000000003,508.88,1240.24,22.91,21.82,38.45,962.52,181.5
32.36,72.51,-1.34,0.482,-1.22,760.76,641.94,22.77,34.47,48.68,1040.23,200.32
28.45,42.29,0.431,0.798,-0.935,351.74,151.72000000000003,31.68,29.36,38.39,1007.66,561.39
21.12,37.16,-0.291,-1.695,-0.668,599.45,395.44000000000005,30.3,28.02,34.72,985.69,455.08
20.73,78.2,-0.667,-0.494,-1.245,287.65,1715.25,26.49,20.25,78.07,1017.44,223.12
33.19,51.67,1.657,0.927,0.2879999999999999,698.18,1245.38,32.75,30.23,49.66,1001.53,448.93
34.69,54.25,-1.498,0.551,-1.224,724.29,175.02999999999997,25.22,32.77,52.29,973.31,320.15
30.78,36.93,0.135,1.1519999999999997,1.836,431.04,924.86,31.07,21.72,74.55,1026.5,134.0
23.14,75.82,-0.9070000000000001,-0.735,-0.125,224.64999999999998,1130.24,20.8,23.25,53.28,1038.69,234.91999999999996
31.55,50.07,-1.051,1.567,1.608,644.34,1795.15,29.91,34.05,38.22,1018.05,190.12
26.06,63.49,-0.937,0.551,1.083,634.69,1096.12,21.76,24.4,75.08,1027.17,154.56
20.11,38.4,-1.743,-1.121,0.009000000000000001,664.97,473.38,25.24,22.3,66.96,965.69,593.51
34.96,45.37,1.391,-0.446,1.386,464.53,409.14,27.92,33.23,47.56,1041.56,156.45
27.2,36.79,-1.037,0.656,-1.4099999999999997,567.23,1149.18,33.69,31.58,34.92,974.0,886.17
22.55,49.02,0.838,-1.227,-0.507,283.04,1334.01,26.38,31.55,43.35,1042.51,373.66
28.52,72.01,-0.482,-0.397,-0.638,690.62,162.27999999999997,32.6,29.66,77.57,977.83,907.79
22.68,79.78,0.145,-1.992,-0.178,641.04,955.7,30.63,30.82,76.08,1003.65,832.86
22.39,71.57,-0.631,0.905,-0.805,607.73,1297.33,27.94,20.31,79.43,961.91,884.1
28.07,68.73,0.615,-1.114,-0.767,700.84,1969.74,24.11,22.79,60.86,1046.73,717.52
26.89,60.52,-1.724,0.284,1.725,531.61,1075.87,21.95,34.63,44.05,978.09,719.14
21.44,48.01,-1.16,-1.723,1.834,513.71,1016.37,25.88,34.03,73.17,955.48,840.5
33.64,71.35,-1.2500000000000002,0.776,0.941,507.65,1185.79,23.44,27.62,45.65,1014.47,472.59
27.65,70.5,-1.2669999999999997,-0.0019999999999999996,0.83,347.17,1280.45,25.98,33.11,60.92,1040.21,644.77
23.41,37.29,1.9450000000000003,-0.439,-1.598,314.33,974.44,24.01,31.06,41.3,1016.46,319.46
25.64,56.28,0.68,-0.43300000000000005,-0.20200000000000004,243.15999999999997,174.73000000000002,22.91,30.01,37.52,971.98,805.8
20.85,54.31,0.295,1.371,-0.672,442.49,781.0,22.31,34.56,77.5,967.18,682.41
23.99,47.15,-0.21,-1.9640000000000002,1.178,382.4,1448.8,32.33,27.78,65.24,1006.25,196.38
32.37,64.49,-0.642,-0.496,-1.681,615.38,594.49,29.58,33.22,77.54,988.41,538.32
22.2,47.5,1.58,1.236,0.77,773.07,1344.81,23.71,33.08,63.78,1033.37,113.68
27.69,48.86,-1.829,-0.806,1.4269999999999998,594.13,435.13,26.82,31.41,52.69,1030.05,252.15999999999997
31.51,59.45,-1.363,1.9950000000000003,1.9969999999999999,235.95,1592.78,21.2,21.79,35.62,953.1,607.18
26.92,58.55,1.307,-0.203,0.691,249.52999999999997,979.32,23.65,28.55,73.59,965.07,114.12
30.95,46.06,-1.414,1.825,-1.269,755.56,1945.64,23.78,24.42,63.23,992.86,811.03
26.66,53.29,-0.745,-1.893,-1.612,208.16999999999996,1531.79,34.68,24.48,30.03,1002.54,110.74000000000001
34.4,39.67,-0.647,-1.019,1.917,751.72,1792.86,22.22,30.73,71.43,1025.37,284.44
22.43,79.91,-0.409,1.933,-1.824,309.05,846.18,24.3,27.87,49.82,1014.56,150.32
20.56,67.41,1.829,-1.6789999999999998,0.974,224.64,1569.15,28.79,31.68,76.41,1026.16,937.21
30.0,62.38,-0.393,-1.4320000000000002,-0.845,545.77,325.30999999999995,34.25,26.15,60.14,1031.31,997.31
32.06,37.14,1.2719999999999998,-1.374,1.935,679.29,741.99,30.41,21.51,42.96,967.49,407.22
28.39,63.94,1.311,0.701,-1.145,279.77,868.65,33.3,29.11,45.3,1026.68,566.27
34.37,72.59,0.188,-1.5310000000000001,-0.17,418.23,1100.9,28.29,26.43,43.71,980.9,470.67
33.63,69.95,-0.791,1.443,-1.222,485.85,1657.0,24.44,24.64,70.18,1044.09,237.13
32.5,65.29,0.987,-1.03,-0.093,246.31,1744.84,20.01,24.87,74.88,1012.71,365.67
28.77,40.98,-0.804,-0.885,0.6370000000000001,466.69,1463.08,25.48,32.4,32.85,1015.44,849.88
26.84,50.58,-0.495,1.3569999999999998,-0.714,432.34,860.71,24.88,32.44,41.26,1013.19,790.47
25.26,35.76,-1.928,-0.088,-1.206,481.91,345.1,34.39,25.06,75.77,981.04,274.76
20.82,50.19,-1.053,1.188,1.097,643.95,282.1200000000001,33.35,22.08,78.86,1049.82,491.83
33.52,57.94,-1.145,1.993,-0.531,709.61,526.83,27.11,30.91,37.22,1034.84,222.85000000000002
21.73,33.19,-0.21,-1.659,0.6030000000000001,517.45,1205.77,34.83,33.44,75.57,1012.89,242.36
22.56,32.95,1.8,1.019,0.779,483.75,345.18000000000006,22.24,29.99,65.51,963.52,222.74
27.78,32.03,1.909,1.075,1.515,703.09,405.0799999999999,34.0,28.68,49.07,1024.04,965.93
28.43,44.38,-0.063,1.269,1.158,738.13,1740.42,24.78,22.11,73.41,981.8,619.34
34.67,46.08,0.905,1.113,-1.007,375.06,1354.76,21.62,30.84,46.6,986.75,425.54
27.68,71.68,1.205,1.807,-0.03,657.79,172.22000000000003,23.5,27.21,74.68,982.86,403.91
20.62,79.0,0.153,0.38200000000000006,1.875,346.72,881.14,28.8,26.02,75.0,983.82,603.56
34.06,55.78,-0.073,1.005,0.955,561.43,286.36,29.89,31.82,75.81,1008.55,105.93
21.05,74.67,1.797,-1.909,1.806,760.09,1335.58,31.77,31.47,33.6,1033.63,657.61
23.1,75.62,0.008999999999999998,-0.018,1.112,297.08,369.8399999999999,25.32,23.61,50.07,1013.71,204.53999999999996
31.75,34.98,0.137,-1.268,-0.321,338.88,1260.53,32.85,22.3,31.57,992.6,249.14999999999998
24.08,51.49,1.541,-1.862,1.149,216.51999999999998,1189.33,25.72,34.11,47.91,954.2,160.99
32.2,69.82,-0.751,0.576,1.561,233.38,1579.64,34.52,25.17,68.67,968.12,902.02
21.7,50.87,0.34500000000000003,-1.716,-0.005000000000000001,412.2,1632.8,28.32,28.69,54.67,967.47,591.46
28.68,42.58,-1.496,-0.541,0.31,508.63,1352.27,34.41,22.97,69.65,962.05,917.81
23.26,60.27,0.008,0.6380000000000001,-1.098,357.33,954.28,22.51,33.55,75.75,958.75,411.83
29.17,46.5,-0.679,-0.999,0.198,685.3,997.78,27.84,25.71,77.45,1039.15,220.02999999999997
20.08,64.89,-0.276,0.267,-0.341,220.93,655.97,23.62,26.0,51.85,1013.5,555.87
29.08,53.67,-1.926,1.727,0.225,757.67,1007.92,32.64,32.63,52.5,1023.54,307.48
21.29,75.3,1.86,-1.365,-1.661,514.29,1282.11,20.74,33.62,39.44,1025.72,579.54
26.96,74.85,0.17,0.943,-0.914,452.28,1384.32,23.11,26.41,44.53,994.06,816.91
23.04,48.6,-0.096,1.227,-0.613,337.17,1181.73,32.53,22.03,79.15,968.49,545.62
22.57,59.54,-0.232,-0.544,-1.483,208.86,378.6600000000001,34.73,23.12,66.5,1041.72,404.32
33.86,34.98,1.294,0.896,-0.319,532.0,775.65,26.47,33.36,63.42,950.28,198.51999999999998
25.98,78.58,0.7020000000000001,-1.232,0.932,465.04,1484.44,28.35,26.56,30.31,993.42,867.01
29.33,75.53,0.384,0.898,-0.088,640.83,1551.1,27.47,20.76,55.74,998.93,259.84
25.27,38.02,0.44,1.403,-0.981,793.42,1597.71,32.51,27.9,43.13,1037.77,346.98
26.86,39.3,1.936,-1.054,1.655,715.49,873.23,24.9,28.41,70.83,1031.88,425.99
32.99,49.8,1.376,-1.372,-0.81,779.08,1792.84,33.42,31.55,75.25,984.61,582.45
28.91,79.27,-1.07,0.042,0.866,280.61,1689.66,26.54,33.81,31.66,1038.39,382.81
32.41,42.61,0.648,-1.861,1.844,307.27,1808.82,30.52,28.84,41.84,1029.45,882.52
21.99,51.07,0.53,1.712,-1.432,560.66,138.08000000000004,27.78,21.93,45.4,956.53,165.51999999999998
34.82,57.34,1.072,0.693,1.311,367.34,1238.08,21.29,33.21,68.41,959.78,742.89
32.74,71.49,-0.13,-1.552,0.041,338.92,609.6,23.87,26.99,70.95,979.26,688.71
24.82,62.15,-0.593,-0.613,1.6180000000000003,645.12,417.31999999999994,23.91,28.06,64.65,1006.94,573.65
22.99,59.13,-1.6409999999999998,0.072,0.353,211.38,1299.38,31.65,26.84,56.61,973.76,514.54
25.1,46.5,1.068,0.894,-0.738,717.07,324.05999999999995,32.26,25.44,63.89,958.21,995.1
21.42,53.96,1.9990000000000003,-1.933,-0.283,706.09,279.30999999999995,26.68,22.88,33.46,1000.33,580.73
27.31,36.38,-1.195,-1.799,0.5839999999999999,742.32,606.87,23.79,34.08,78.81,986.02,105.88999999999999
27.43,44.35,0.8759999999999999,-0.03400000000000001,-1.956,716.12,1287.63,20.71,33.9,65.01,995.05,881.83
20.29,47.94,0.91,-0.798,-1.532,782.81,889.09,21.7,25.58,47.75,1024.94,926.76
21.88,44.17,1.852,1.177,0.96,654.53,1023.02,27.02,21.85,56.4,983.48,618.43
25.74,65.32,-0.379,-0.048,-1.993,559.88,754.52,32.03,21.59,64.0,993.41,675.27
28.59,66.69,-0.28,-1.287,-1.008,274.6,1869.55,30.23,20.27,79.64,997.52,568.56
22.39,36.78,-1.858,0.989,1.392,276.28,576.23,31.31,20.35,56.93,1015.52,718.46
22.6,56.6,-1.1979999999999997,-1.732,1.91,272.74,1249.84,24.29,30.71,70.6,954.7,970.62
34.4,60.37,-0.805,-0.756,0.15,754.14,1882.43,29.61,33.7,42.3,1030.55,479.96
25.61,69.55,0.615,1.175,0.879,702.21,1132.0,22.51,26.08,60.3,1003.65,410.74
26.69,73.32,1.739,1.445,1.327,516.39,1288.72,27.09,26.48,71.47,1011.4,673.04
26.01,34.11,-1.098,-1.243,0.352,412.08,564.93,30.46,28.45,42.57,1022.48,744.14
30.4,73.64,1.723,-1.697,-0.08499999999999999,519.54,1401.95,28.13,28.2,45.38,972.86,746.28
34.69,54.81,0.349,-0.8230000000000001,-0.882,262.4,972.38,33.19,27.59,74.62,1038.93,289.74
25.39,32.02,0.372,1.432,1.426,523.68,1891.62,25.59,34.81,67.25,1030.36,870.01
27.06,43.94,-0.182,1.178,-0.555,208.23000000000002,517.87,24.93,29.29,55.41,965.01,210.5
27.54,63.25,1.5189999999999997,1.112,-0.41600000000000004,677.78,1893.9,25.36,20.05,35.1,960.11,133.76
33.42,48.95,-0.569,-0.76,0.361,778.11,814.4,32.36,33.79,65.56,981.94,724.57
29.35,30.67,1.309,-0.499,1.9,754.26,1376.76,26.35,24.66,30.75,1000.74,631.83
25.04,63.39,0.883,0.074,-0.24300000000000002,462.82,1006.3,22.04,33.94,75.17,996.75,218.95
26.21,61.08,-1.123,-1.727,0.131,407.86,737.84,20.57,23.99,57.1,985.84,882.14
26.53,50.19,-1.052,-1.2229999999999999,1.648,234.76,1301.42,21.19,26.72,56.39,980.77,539.3
20.39,60.87,-1.864,-0.651,0.018999999999999996,605.85,1697.14,33.1,34.72,49.53,955.97,526.34
22.15,75.81,-1.228,-1.383,-0.203,459.22,1546.42,21.26,21.58,45.68,986.95,481.18
22.66,34.88,0.505,-1.225,-0.153,529.35,1872.5,23.93,30.3,80.0,1004.27,998.09
34.02,60.21,-0.118,-1.616,0.722,534.25,1421.44,23.88,30.28,68.98,969.27,579.06
31.89,49.06,-1.957,1.098,-1.5969999999999998,289.56,1266.8,27.54,26.4,51.91,1018.28,204.03999999999996
30.73,45.16,1.687,-1.779,-1.569,410.62,1273.56,34.16,34.07,43.2,996.02,421.61
23.19,41.86,1.8,-1.54,0.608,680.43,301.6,30.98,27.32,45.28,1006.04,188.07
32.89,75.7,1.405,-0.752,1.611,593.09,1687.92,29.78,32.96,39.31,995.49,338.2
29.9,53.78,0.893,0.403,-0.092,524.52,1746.03,33.05,23.52,36.55,963.04,827.77
31.67,79.57,-1.649,-1.6980000000000002,-1.7119999999999997,462.27,324.54999999999995,21.76,20.09,71.05,960.5,793.54
24.48,63.55,-0.965,1.117,-1.124,775.91,641.24,26.51,25.71,65.15,987.06,748.01
21.41,76.5,1.374,-0.566,-1.272,581.75,1943.04,21.9,31.19,71.26,1008.39,124.68
30.95,30.97,1.9880000000000002,-0.78,-1.721,464.97,604.46,25.67,33.85,54.59,1027.68,654.22
27.77,68.87,-0.66,0.104,0.625,242.72000000000003,1921.89,29.88,20.91,58.28,1015.56,258.19
26.7,47.49,0.612,2.0,-2.0,613.26,1956.63,34.55,25.15,50.66,963.68,436.59
30.73,58.7,-0.9860000000000001,0.358,-0.956,225.24,180.81999999999994,26.09,28.56,72.89,1049.26,832.45
24.46,73.81,0.815,0.477,-1.979,706.2,818.48,24.44,26.75,39.61,985.26,467.47
31.44,74.64,-0.634,-1.8349999999999997,-0.358,622.93,1913.2,23.81,27.99,32.09,979.84,546.81
23.99,70.86,-0.014,0.30799999999999994,0.911,656.25,459.0799999999999,26.57,28.62,53.17,1009.46,210.95
33.63,42.35,-0.677,-0.026,-0.934,521.31,649.23,23.31,27.33,67.21,1009.39,613.81
31.48,59.54,0.344,1.552,1.713,334.77,374.06999999999994,24.8,33.21,33.09,976.35,258.62
31.16,38.91,-0.989,-1.592,1.453,579.8,1603.39,23.5,34.62,54.67,1034.96,426.74
30.91,53.37,-0.705,1.857,1.395,535.24,1936.97,25.36,33.0,60.96,991.48,776.76
30.56,72.17,1.446,-0.937,1.214,519.25,534.38,31.75,21.74,32.59,1009.81,748.62
23.77,59.5,-1.656,0.96,0.882,471.92,235.11,34.51,31.14,60.59,968.03,817.34
34.7,61.66,-1.537,0.709,-1.917,702.08,1415.23,22.87,34.66,72.69,1046.5,263.61
34.17,66.78,-1.722,-1.076,1.124,536.32,448.55000000000007,25.81,30.27,58.66,985.83,822.52
22.64,34.66,1.915,0.376,-1.815,518.22,1508.54,34.47,34.34,77.04,973.66,176.59000000000003
27.62,42.02,-1.867,0.449,-1.121,788.71,1199.52,33.1,25.4,50.66,1005.13,197.11
21.02,79.65,1.394,-1.971,1.682,279.9,406.85,21.35,31.82,63.93,957.57,891.9100000000001
33.4,48.21,-0.446,1.821,-1.561,529.46,1226.33,29.63,21.96,63.4,986.52,470.69
33.02,79.64,1.337,0.248,-0.815,642.91,1056.03,30.38,32.06,74.56,1010.85,887.56
27.36,74.65,-1.116,1.09,0.505,519.54,1915.08,21.25,21.88,52.63,975.53,575.75
34.42,50.93,1.029,-0.97,1.223,785.87,120.88999999999999,32.48,23.32,44.79,1045.09,227.74
30.05,71.06,-1.612,-0.6,-0.552,417.68,1392.97,32.95,24.27,66.04,953.03,274.89
23.82,66.14,0.9999999999999999,0.175,0.7709999999999999,433.12,158.79999999999995,22.5,32.33,51.59,993.41,503.82
31.01,74.63,0.36300000000000004,-0.189,-0.377,569.32,1444.33,31.94,30.65,73.48,1027.66,825.92
21.35,39.26,-0.793,0.574,-1.419,247.3,1515.06,27.2,21.98,49.63,1023.58,626.87
25.93,57.46,-0.042,-1.787,0.66,451.03,1902.15,25.26,21.91,44.09,999.08,595.51
29.99,79.5,-1.092,1.697,-0.616,510.85,1396.79,20.38,27.66,37.39,990.11,541.13
32.43,74.0,0.9020000000000001,-0.102,0.451,727.42,602.78,23.11,20.36,61.89,951.75,588.56
23.22,77.14,-1.776,-1.8119999999999998,0.94,228.82,409.52,26.39,33.32,75.03,966.9,533.79
30.85,61.8,-1.734,-0.551,1.2399999999999998,714.14,213.10000000000002,28.73,31.54,64.19,982.75,210.05000000000007
26.56,56.51,-1.743,-1.687,-0.256,623.11,1912.48,24.83,27.72,40.8,1024.84,846.29
34.67,73.9,-0.992,0.979,-1.581,613.46,1192.26,23.09,23.74,59.18,1016.95,877.7
21.98,46.59,0.9879999999999999,1.336,0.228,710.11,583.7,25.01,24.75,55.53,980.42,607.24
21.06,68.61,-1.726,1.157,-0.012,699.06,500.73,21.98,20.33,39.15,1017.23,184.78999999999996
24.29,42.9,-1.1,0.312,0.402,784.2,1461.83,31.66,20.69,70.04,1008.92,806.96
24.41,55.3,1.679,1.427,-1.2010000000000003,476.52,468.63,26.93,29.38,43.7,968.74,678.63
26.45,70.21,0.193,-1.22,0.778,715.75,490.11,20.38,20.25,48.39,1031.49,182.19
23.49,62.53,-1.568,0.7349999999999999,-0.388,210.98000000000002,172.99,29.34,26.19,52.33,1029.44,729.19
29.42,68.93,-1.3679999999999999,-0.564,-0.1,226.41999999999996,1243.69,22.41,33.21,79.52,998.71,170.56
29.36,34.52,1.723,-0.203,-1.4690000000000003,608.81,280.38,24.66,28.82,40.01,981.45,664.87
26.01,48.17,-1.366,1.226,1.014,341.79,389.47,34.59,22.65,58.84,999.54,628.82
31.5,76.61,1.678,0.9819999999999999,0.369,212.0,357.36,31.82,26.89,58.66,966.98,445.7
25.51,63.56,0.236,-1.875,1.309,579.39,144.18000000000006,20.8,33.73,40.7,964.67,207.57
27.12,62.94,0.046,0.429,-0.378,390.61,537.09,29.17,22.11,77.33,978.02,905.86
20.7,67.28,-0.205,-0.621,0.11299999999999999,772.07,1172.14,34.17,20.07,74.12,969.7,512.17
22.94,73.3,0.518,1.37,-0.351,647.29,1560.18,23.24,21.79,41.81,1000.07,659.76
34.22,44.15,-1.165,0.21599999999999997,-1.458,621.5,1716.78,29.04,32.24,30.3,991.41,529.89
27.01,34.53,0.103,0.894,-1.692,795.46,1368.86,34.46,20.54,56.03,1048.95,796.26
34.61,68.7,-0.921,-1.282,-1.121,246.01999999999998,1565.96,21.7,34.69,77.13,957.16,124.00999999999999
27.27,52.42,-1.961,-1.178,-1.792,659.87,1508.96,29.71,22.33,60.87,964.64,858.47
30.11,61.07,0.68,0.539,0.511,779.41,498.95000000000005,34.7,33.35,61.83,1008.46,903.34
21.38,50.11,1.803,1.294,-0.772,419.3,1458.73,23.13,30.23,37.39,951.47,446.42
31.41,34.9,-0.184,-1.401,-1.652,748.42,1129.99,22.59,32.96,36.59,981.58,680.79
21.65,42.86,-0.801,-0.86,-1.58,638.22,567.74,29.04,30.51,70.88,1037.48,144.01
22.21,66.03,1.358,-0.05,1.969,270.19,855.64,29.44,28.49,37.94,1005.59,330.19
22.12,78.6,-0.303,-1.452,0.137,547.19,1872.61,22.0,33.07,44.82,987.26,785.84
21.65,43.3,-1.846,-0.517,-1.748,680.31,1937.06,33.45,24.35,51.21,1027.05,807.79
28.08,31.34,1.521,-0.737,-0.936,590.73,1149.1,31.71,21.25,49.12,998.35,929.53
34.19,79.42,0.612,1.349,-0.944,349.18,1040.74,27.77,27.14,56.6,1019.06,635.65
29.41,48.05,-1.011,-0.074,1.971,320.61,1244.32,28.02,25.29,41.38,1041.91,841.44
32.63,74.63,0.728,0.745,-1.384,558.18,469.6700000000001,20.1,22.02,42.37,980.63,960.88
34.72,69.3,-1.03,-1.422,-0.046,255.72,544.79,32.31,31.67,46.28,1002.41,239.52999999999997
22.65,64.7,1.807,0.748,0.068,648.77,856.09,25.57,29.43,79.52,1025.89,243.62
30.81,69.81,-0.862,1.675,-0.687,271.32,1617.56,30.89,26.27,51.85,990.36,743.78
34.83,71.07,-0.095,0.59,0.531,444.6,610.7,32.2,25.29,47.36,1026.79,333.4
24.48,45.35,0.352,-0.828,-0.38,603.25,1396.98,32.88,25.0,31.53,1038.37,328.89
25.29,49.56,-1.472,0.11900000000000001,-1.445,423.63,1518.64,33.81,32.11,53.77,965.85,982.88
20.3,34.32,-1.748,1.309,1.566,389.98,1777.04,30.26,22.36,60.33,996.38,540.78
34.74,65.31,-0.385,-0.03,0.746,720.05,1725.01,28.46,26.79,62.54,1033.72,611.96
34.89,73.19,0.844,-0.157,0.91,612.41,549.33,26.35,27.12,69.86,1007.37,744.62
20.09,68.0,-1.007,0.896,0.67,616.75,625.81,32.49,24.6,50.72,1004.46,698.39
22.81,71.0,-1.812,1.351,0.512,236.85000000000002,1572.91,21.78,22.76,36.69,1045.15,101.20999999999998
31.28,31.84,0.339,-0.25,0.762,348.04,1631.41,21.4,25.74,48.73,967.13,741.48
25.46,38.13,0.018,1.056,1.698,686.11,1004.13,23.12,22.01,45.02,1026.37,873.61
23.82,35.05,0.157,1.15,-1.475,532.23,1258.47,22.19,32.12,35.54,1007.58,818.37
33.76,74.22,-0.783,-1.685,-1.254,746.51,465.02,30.68,30.64,56.45,1042.41,256.26
30.21,71.54,1.974,-0.16399999999999998,-1.887,222.33000000000004,1673.17,20.89,21.03,40.34,977.27,118.09000000000003
31.97,54.54,1.7410000000000003,0.824,0.829,613.51,1217.33,27.69,32.97,71.92,1015.59,597.28
21.96,67.27,0.05899999999999998,-1.161,1.723,567.06,1102.94,20.78,34.51,53.48,1020.0,380.72
31.27,34.66,0.9020000000000001,0.799,0.648,449.88,1192.73,33.26,27.58,33.34,978.43,815.38
30.09,53.15,-1.809,-1.7399999999999998,-0.526,782.38,1393.66,21.13,30.24,41.75,953.08,920.69
31.19,73.98,1.649,1.302,1.266,528.24,1058.31,24.63,22.99,33.36,1013.09,637.39
34.67,65.14,0.055999999999999994,-1.733,-1.959,400.57,708.72,29.76,31.52,62.85,1024.38,201.16999999999996
29.11,55.95,0.639,-1.443,-0.67,232.73000000000002,494.95000000000005,31.42,23.52,76.18,955.94,547.69
27.76,60.33,1.5540000000000003,-0.67,-0.686,521.45,1928.94,29.07,20.45,62.22,1018.89,497.65
23.84,61.77,-1.735,0.816,0.723,300.38,879.68,21.22,20.05,62.8,1048.16,628.15
21.39,39.97,1.016,1.81,0.592,633.49,796.77,23.62,28.0,40.52,1020.63,249.37
30.46,77.3,0.594,0.45799999999999996,1.87,253.84999999999997,875.14,20.35,31.7,38.07,970.75,795.61
32.57,78.98,-1.896,-0.6310000000000001,-0.10400000000000001,404.26,998.32,33.53,20.27,67.54,986.05,383.77
34.48,38.25,-0.461,-0.8780000000000001,1.8609999999999998,412.25,961.34,31.28,32.69,37.36,1038.52,943.12
27.34,79.06,-0.818,-0.176,-0.555,467.71,1168.94,21.62,27.31,66.18,988.85,551.5
20.24,68.08,1.134,-1.888,1.11,322.56,209.80999999999995,22.34,23.0,58.35,1049.66,497.93
28.04,78.43,-0.164,0.394,0.304,530.58,654.21,30.68,31.49,39.06,1027.39,472.81
28.51,51.62,-1.068,-1.549,0.329,664.32,807.86,28.29,25.79,50.41,956.54,366.22
24.27,35.22,0.228,-1.367,-0.182,208.32,1880.83,22.91,24.14,32.4,983.85,992.31
29.26,76.3,-0.524,-0.055,0.293,737.02,917.47,31.83,29.51,70.7,971.71,163.62
24.46,58.21,-1.394,-1.747,-0.827,534.26,1799.34,20.87,31.83,31.22,993.79,406.29
31.52,59.58,-0.08799999999999998,-1.266,-1.8010000000000002,733.85,851.43,28.23,32.26,45.17,1048.81,301.78
29.37,68.83,1.815,1.17,-1.917,623.84,857.43,22.62,27.3,63.32,1015.37,118.62
30.12,75.02,-1.177,1.222,-0.9109999999999999,230.16999999999996,1466.23,20.66,31.49,60.21,1035.98,592.18
33.8,48.94,-1.563,-1.161,-1.5839999999999999,521.76,1033.61,23.09,22.34,53.1,963.28,803.9
31.39,30.87,0.923,-1.921,0.129,480.65,120.99000000000001,21.63,20.19,39.7,1027.96,858.1
23.33,42.37,-0.023,1.377,0.434,542.5,255.98000000000002,21.88,21.63,51.93,1005.09,289.95
21.45,70.97,1.277,-1.674,0.719,389.76,771.04,20.72,22.92,53.11,1019.55,965.37
23.3,56.75,-0.933,-1.738,1.1589999999999998,586.99,889.06,32.0,23.15,79.06,995.42,452.19
29.05,56.25,-0.118,-0.363,-0.275,505.08,1516.45,24.69,20.39,37.82,1015.39,230.01999999999998
23.84,60.64,0.704,-0.942,-0.625,769.4,1994.9,28.61,21.17,76.32,1030.43,457.61
34.09,58.03,-1.471,-0.28,1.284,370.48,1205.81,25.05,21.69,76.68,1032.4,703.98
22.96,58.68,-0.17100000000000004,-1.952,0.399,642.68,1086.36,21.16,29.64,63.25,1048.67,223.26
29.1,76.5,0.938,0.34,1.792,704.51,869.01,22.85,21.13,58.98,1035.8,466.17
30.64,48.18,-0.449,0.535,1.062,297.43,116.96000000000004,33.86,28.21,34.76,982.51,854.32
23.39,77.93,-1.399,0.11,-0.344,675.87,597.14,32.11,29.31,45.91,1006.33,446.73
26.88,39.92,1.8960000000000001,1.013,1.9419999999999997,738.07,1358.29,25.39,29.28,71.64,974.37,890.32
21.51,56.84,-0.573,1.067,1.7929999999999997,239.52999999999997,1618.24,28.23,21.29,54.3,976.33,193.32
34.09,63.04,1.281,-0.796,1.383,544.92,1619.32,29.71,26.3,72.85,1024.51,502.78
25.26,34.09,-1.389,-0.76,0.47000000000000003,224.39,208.86000000000013,24.94,29.48,54.95,979.71,665.54
34.29,55.69,-0.497,1.41,0.625,729.54,1474.14,29.88,21.31,62.28,1022.87,820.78
29.93,73.75,-1.466,1.354,0.8,390.11,1881.87,21.22,30.3,76.04,1045.12,354.42
22.86,50.52,-0.216,-0.588,1.736,606.09,1974.16,21.8,27.46,56.86,975.68,158.2
22.65,67.06,0.066,0.21599999999999997,1.694,640.55,778.89,27.26,27.29,48.49,958.78,782.93
24.17,34.29,-1.889,1.5,0.655,533.49,1736.57,29.87,23.55,34.51,1004.67,300.18
24.47,60.04,0.736,-0.596,1.779,393.88,1300.25,33.16,22.47,61.95,959.13,926.92
31.27,39.99,-0.75,0.772,0.6730000000000002,545.0,124.84000000000003,27.44,20.64,50.22,1045.25,116.12
31.25,42.28,-0.994,-0.384,0.11099999999999999,776.09,1023.45,20.03,30.29,59.07,952.75,715.24
27.77,63.43,-0.053000000000000005,1.158,-1.351,591.23,1098.64,22.88,23.39,36.59,958.37,785.35
29.38,68.29,1.164,0.656,-1.062,655.31,1724.25,31.88,22.58,47.83,976.99,278.63
34.13,77.58,-1.317,1.227,1.955,476.46,1523.16,29.81,27.54,30.09,961.77,608.81
22.27,58.07,-1.778,-1.787,-1.614,352.84,1307.44,34.58,32.22,50.59,959.79,225.63
29.04,55.98,-1.767,0.278,-0.237,507.28,1408.49,25.76,30.02,49.14,1037.18,392.71
23.36,66.56,1.347,1.228,0.9949999999999999,562.32,631.32,34.21,27.38,75.0,987.73,114.11000000000001
24.35,73.89,1.457,1.017,0.07699999999999999,793.61,1521.64,30.19,30.0,74.53,1039.78,585.68
20.21,76.24,0.601,0.181,-0.15,414.01,494.6600000000001,33.38,32.38,31.71,1034.06,641.55
32.97,64.55,0.747,0.736,-1.871,545.25,307.9200000000001,31.44,27.32,58.62,965.96,521.01
27.09,72.93,0.626,-0.746,-0.8939999999999999,656.48,1252.96,25.59,21.61,53.44,997.56,866.42
23.86,54.81,-1.165,0.976,0.6390000000000001,423.34,439.48,28.3,32.74,50.81,952.38,110.05000000000001
26.03,37.9,-1.189,-0.525,1.056,376.85,1723.07,29.2,30.23,63.48,997.16,386.34
23.91,32.48,0.545,-0.205,-1.375,507.15,874.07,29.41,33.13,45.76,1035.7,430.99
26.78,73.5,1.946,0.374,-0.213,613.44,777.36,21.74,21.46,50.18,968.39,306.28
23.66,47.95,0.343,0.794,1.633,376.58,431.54999999999995,23.83,22.84,30.5,971.04,266.23
33.83,33.07,-1.203,-1.677,1.192,540.18,1047.46,29.93,33.62,43.35,1004.32,726.66
30.94,58.68,-1.299,-1.463,0.23899999999999996,435.97,1021.45,32.24,26.57,32.74,976.97,780.15
21.14,74.6,1.852,0.901,0.947,453.62,1612.71,26.25,24.02,65.72,1031.45,894.83
26.67,55.46,0.599,-1.105,1.812,589.57,524.33,23.68,20.58,50.98,957.95,222.73000000000002
33.26,77.84,-0.634,-0.363,-0.946,426.21,1649.0100000000002,31.54,32.33,36.95,1014.94,327.46
21.52,57.09,0.969,0.723,1.067,299.48,302.96000000000015,22.08,23.29,79.49,999.17,663.61
28.59,65.35,0.419,-1.21,-0.665,445.61,713.94,22.69,20.37,49.99,976.06,360.43
28.46,62.49,-0.06,0.767,-0.589,344.21,1786.71,26.07,29.55,76.13,1004.47,211.87
21.16,30.63,0.48700000000000004,0.415,-0.732,440.19,1991.16,23.35,34.25,43.46,1040.2,693.27
24.27,32.02,-1.494,-1.995,-0.029,758.92,1124.72,31.85,24.88,52.97,1032.19,627.3
31.73,32.23,-1.299,1.911,-1.307,509.78,737.96,28.5,25.61,48.45,1036.37,662.6
27.02,67.52,-1.078,-0.846,1.043,351.65,1344.65,22.29,24.62,35.45,998.95,735.43
22.03,53.65,0.448,1.39,1.236,363.78,164.86,25.74,22.53,38.08,1038.93,713.17
26.93,46.48,-1.36,0.049,-0.9600000000000001,765.65,258.22,20.97,27.26,40.0,1047.76,610.17
34.98,68.61,-1.937,0.96,-0.4149999999999999,708.49,1905.59,33.08,24.72,33.41,1010.47,730.41
30.86,43.77,-0.05,0.184,-0.263,283.99,1500.41,30.0,33.84,75.4,1002.56,202.36
31.94,33.86,1.332,1.136,-1.089,221.72000000000003,1770.19,30.92,26.47,52.27,1029.72,531.91
23.44,68.16,-0.149,1.2619999999999998,-0.471,564.94,1097.37,29.1,21.07,73.05,1010.98,968.77
23.5,79.66,0.197,-1.014,1.492,744.88,1900.83,31.61,30.52,42.29,1017.28,631.51
34.81,69.63,0.251,0.291,-1.859,308.94999999999993,928.59,21.65,32.58,55.25,991.48,701.86
23.16,32.65,0.621,0.835,-1.9,396.73,465.95000000000005,24.78,23.82,71.56,1004.62,936.14
21.83,60.28,-0.103,-0.43,-1.842,693.37,1042.43,21.31,27.05,75.39,1031.7,919.75
23.04,47.3,-0.287,1.146,1.921,393.77,570.29,33.78,33.73,36.91,992.39,338.81
28.57,73.53,1.441,1.227,1.838,679.36,1993.72,31.18,34.75,33.54,978.43,192.95
32.67,47.09,0.314,-0.355,-0.862,373.73,1348.85,29.74,34.1,71.81,1033.64,543.1
23.08,37.65,-0.8809999999999999,-0.593,0.774,265.9,1363.3,29.2,26.64,30.79,969.37,102.26999999999998
33.48,46.08,0.731,1.678,0.322,798.12,804.45,32.27,28.96,61.0,955.31,819.37
24.95,51.23,0.995,1.05,1.851,393.22,1988.29,34.45,23.75,38.74,1026.34,126.63
21.84,42.14,-1.157,0.562,1.242,280.05,1218.76,23.23,32.31,33.21,1038.3,827.2
28.37,71.75,-0.38400000000000006,-1.4889999999999999,-1.548,688.71,216.88,25.83,31.72,51.85,1041.34,636.96
24.7,39.16,1.544,1.269,-1.934,470.51,840.79,21.24,21.03,31.51,1041.82,835.33
25.0,71.06,-0.505,0.558,-1.661,468.86,289.71000000000004,29.0,20.53,57.82,997.92,103.20999999999998
25.45,50.17,0.236,0.30600000000000005,-1.575,258.99,1548.93,24.8,24.97,35.3,1001.16,986.6
31.71,80.0,-1.366,1.7140000000000002,-0.036,316.3399999999999,1568.83,26.35,25.68,49.94,1045.27,884.55
22.66,38.61,-1.558,1.897,-0.481,510.33,1093.08,32.01,25.41,43.85,1006.88,900.59
32.35,67.55,1.922,1.839,0.8070000000000002,649.07,914.0,35.0,32.59,55.83,1003.3,641.43
33.18,54.98,-0.182,-1.981,-1.023,293.13,247.36,29.07,28.07,32.68,1012.14,872.29
30.19,58.09,-1.927,0.418,0.141,692.19,1744.39,33.95,24.85,33.14,1006.3,813.39
26.27,44.05,-0.466,-0.506,-1.793,757.03,719.11,26.29,26.82,64.81,988.08,930.82
31.28,31.8,0.03699999999999999,1.656,0.39200000000000007,773.8,1439.68,22.92,33.22,48.93,1007.18,800.19
33.87,45.11,1.087,0.302,-0.557,251.75,1759.72,22.04,32.15,72.32,991.1,371.93
23.9,79.84,0.453,-2.0,-0.387,476.53,322.99,31.47,32.86,60.29,1025.25,776.68
29.31,43.02,0.8629999999999999,-0.86,1.43,585.77,1801.75,29.82,31.71,46.24,995.46,499.81
20.01,63.11,-0.099,-1.825,-1.8,243.2,1329.07,29.66,32.86,38.5,1014.78,684.51
26.25,49.99,-1.114,-1.956,-1.8,684.6,1543.16,33.22,26.78,61.39,1005.25,562.68
28.61,31.75,-0.59,0.508,0.089,751.18,367.6600000000002,27.3,25.64,30.38,1002.32,173.21000000000004
29.18,73.3,1.1,-1.08,1.296,638.61,525.76,20.07,31.27,42.91,1003.52,606.89
20.11,74.21,0.506,0.818,-1.481,674.82,1062.7,20.41,23.58,56.47,994.2,868.06
23.8,47.64,0.559,-0.336,-1.829,344.64,1784.88,26.56,34.47,74.6,979.38,731.65
25.84,67.73,0.578,-1.506,-1.774,741.02,1023.05,26.86,28.53,49.89,964.71,132.41999999999996
30.42,69.44,-0.473,-0.012000000000000002,-0.7070000000000001,341.56,1397.24,24.85,23.64,70.6,963.81,853.12
28.96,64.41,-1.209,-0.731,-0.425,407.13,1176.01,26.63,30.1,76.74,1017.37,411.67
27.73,67.39,-0.9300000000000002,-0.868,0.08499999999999999,397.35,154.96000000000004,28.83,26.6,76.45,987.94,393.97
26.8,42.9,0.277,-0.028999999999999998,-1.849,494.75,615.72,24.22,26.74,68.64,1021.38,695.2
26.89,36.85,-0.8679999999999999,-1.8460000000000003,1.907,517.76,1177.99,29.47,29.88,30.52,985.23,250.3
20.66,51.75,-1.218,-0.594,0.894,238.99,1964.85,20.78,30.59,61.67,955.85,899.41
23.16,65.8,1.219,-1.369,-0.684,632.76,935.92,21.75,27.02,31.17,1031.77,216.39
30.92,58.49,-1.369,1.016,1.182,701.4,804.7,25.78,26.91,61.08,985.56,341.86
28.37,65.71,-0.685,-0.246,1.14,762.44,809.78,28.18,32.99,54.78,1010.09,555.09
22.52,62.3,-0.683,-1.394,1.724,241.93,1071.44,33.74,29.25,39.86,1010.73,454.21
30.74,39.53,-1.504,1.454,-0.691,202.73000000000002,1143.09,22.72,28.95,62.84,1036.45,526.26
34.49,31.17,-1.565,-1.484,0.508,700.4,1815.69,29.47,22.22,60.25,1043.7,268.28
30.57,34.57,-0.735,0.783,1.022,535.75,576.25,33.52,25.98,55.48,1049.66,919.08
32.33,74.89,-1.81,1.618,-0.443,254.55,1981.44,28.39,30.9,40.56,952.7,780.56
31.22,45.32,-0.047,-0.7659999999999999,-1.423,454.59,448.49,20.06,28.36,42.0,996.2,891.46
24.99,63.89,-0.138,-1.572,0.86,647.03,216.70000000000005,26.56,23.66,56.82,980.07,841.7
29.6,76.94,0.08399999999999999,-0.198,-1.392,521.37,545.49,34.52,33.1,71.54,976.44,466.23
32.36,57.34,-0.393,-0.521,-1.234,640.99,1114.43,26.75,25.6,48.95,966.79,863.09
24.91,64.72,0.802,-0.265,0.804,556.91,1312.64,32.32,31.12,60.44,1043.31,669.98
31.99,65.58,-0.138,-1.785,-0.473,675.85,1010.8,26.9,25.71,55.24,951.43,703.86
31.55,37.62,-1.211,-0.915,1.198,527.15,269.3699999999999,22.68,32.27,77.99,1013.26,659.53
31.73,68.76,-1.306,0.5,0.10499999999999998,373.53,501.20000000000005,26.63,29.41,52.89,1040.7,206.02999999999997
26.19,71.67,1.825,1.257,-1.889,580.61,1605.35,26.33,33.98,31.09,966.14,303.58
28.33,30.07,0.944,-1.473,1.845,383.97,1996.42,28.47,25.99,71.3,955.94,178.27999999999997
24.66,40.46,-1.604,1.2350000000000003,-0.412,680.08,427.44000000000005,22.05,23.47,52.75,958.11,364.59
31.25,72.77,-0.938,1.21,-1.851,724.83,1272.62,21.15,21.05,30.21,955.04,305.06
28.24,79.03,1.918,-0.009,-1.765,258.9,891.26,28.86,20.82,49.35,968.71,752.94
26.64,74.73,-0.547,-0.423,0.934,277.9599999999999,1722.44,23.48,27.3,65.0,990.88,269.01
20.6,61.83,1.463,1.181,0.449,624.27,1664.15,24.13,31.12,41.74,1021.01,132.64
27.61,70.33,0.9549999999999998,-1.195,0.35,414.7,619.6,32.0,26.82,45.95,1038.24,599.03
27.91,61.88,0.974,-1.598,1.339,556.1,138.45000000000005,31.17,22.04,51.31,998.09,754.48
33.58,74.26,-1.9950000000000003,0.976,0.221,610.06,1588.18,31.21,31.52,38.06,1025.02,672.16
20.37,56.3,0.508,-1.828,1.143,457.08,1042.32,23.43,20.58,75.96,1040.56,670.78
27.16,57.55,0.074,-1.292,1.683,791.19,207.98000000000002,27.65,28.35,67.81,955.35,692.15
29.71,79.84,-0.637,-1.6180000000000003,-0.321,696.1,1940.24,23.04,24.87,64.45,1041.83,399.02
33.96,41.95,0.406,0.129,-1.4690000000000003,201.66999999999996,385.12,26.32,22.59,69.08,993.23,403.13
25.92,41.33,1.071,0.8679999999999999,0.555,558.89,453.5,26.08,26.53,74.63,957.54,714.37
30.28,50.54,-1.02,1.086,-1.177,212.0,1971.21,25.82,23.75,44.67,1000.84,908.23
24.09,52.16,0.56,1.404,-0.43299999999999994,622.53,1289.14,22.91,22.43,37.57,1024.13,861.4
33.27,78.97,-0.6939999999999998,-0.47,-1.034,361.99,1243.18,28.62,28.39,33.77,1003.73,820.21
33.7,77.92,-0.089,1.526,-1.565,698.95,211.22000000000003,31.17,23.29,69.75,1018.4,575.23
30.87,45.13,-1.381,-0.366,0.416,641.06,694.25,28.38,23.23,37.75,1010.51,316.78
23.28,41.0,0.869,1.274,-1.47,782.47,970.38,33.92,29.52,40.97,964.67,695.77
32.0,37.9,0.078,-1.4739999999999998,-0.462,256.01,1437.0,29.02,31.86,57.31,1043.62,421.52
22.92,43.6,-1.321,1.111,1.663,358.1,1251.38,31.3,21.56,41.62,992.63,515.12
26.11,39.78,0.722,-1.319,-0.597,452.83,678.59,21.65,23.42,55.64,1010.75,390.28
24.86,53.49,-1.592,1.253,-1.67,525.74,1756.04,32.05,23.8,44.03,1026.36,961.09
27.59,56.07,0.649,0.607,1.979,768.69,1974.76,28.93,23.73,54.11,1011.48,159.99
21.25,57.98,-0.181,0.089,1.443,743.66,617.39,34.68,25.77,46.64,1019.15,106.90999999999997
33.98,55.88,-0.002999999999999999,-1.154,-0.8790000000000001,618.75,944.78,22.85,31.49,56.0,1008.97,725.92
20.77,53.82,-1.238,1.103,-0.702,535.4,1137.19,23.72,26.96,65.8,1008.26,115.32999999999998
31.33,62.53,-1.2669999999999997,0.56,1.894,307.06,1914.91,33.71,21.43,36.5,1038.41,488.7
21.93,49.98,-0.982,-0.41400000000000003,1.838,639.9,1643.45,25.7,33.78,75.64,986.63,996.78
21.55,43.92,-0.86,-0.67,-1.795,689.79,286.74,25.78,25.45,67.33,956.46,319.08
29.23,63.14,1.489,-1.9679999999999997,-0.633,330.11,1135.51,33.67,33.59,72.1,964.0,576.94
30.19,64.27,1.391,1.916,-0.623,643.0,404.8399999999999,20.74,33.26,70.12,957.82,364.59
31.54,51.57,-0.368,-0.568,1.351,500.61,788.8,34.36,24.77,66.1,1046.57,514.3
28.85,45.1,0.419,-0.684,1.063,792.66,1012.56,32.1,34.72,50.06,965.46,707.43
23.28,64.69,1.506,-1.102,0.898,677.12,1368.41,26.55,31.07,62.32,1001.06,414.18
31.97,69.5,-0.289,1.297,-0.9130000000000001,387.59,767.79,20.75,22.41,32.04,1000.4,601.57
24.19,30.86,0.679,1.402,1.913,315.01,1243.69,29.25,32.03,38.55,1006.12,712.4
34.64,33.93,0.21,-1.3370000000000002,-1.355,295.2,1410.26,25.64,32.16,76.77,1012.63,327.86
29.56,52.97,-0.641,0.329,0.808,257.32,849.7,30.03,22.95,35.04,971.43,701.79
20.27,48.31,1.832,-0.812,-0.859,661.75,214.02999999999997,30.53,20.11,76.38,962.49,603.31
24.18,70.25,0.143,-0.399,-0.547,278.93,492.0,27.91,32.85,48.5,967.03,321.17999999999995
33.45,49.32,-0.535,1.375,1.157,318.96,236.89,31.44,25.88,79.74,970.77,226.69
32.47,39.34,-0.296,1.496,-0.731,417.48,101.51999999999998,29.72,20.08,61.26,981.27,674.18
29.55,71.99,0.685,1.2920000000000003,0.24899999999999997,562.78,1815.34,27.41,32.02,59.11,1041.22,291.55
33.04,64.23,0.6820000000000002,0.761,-1.807,337.98,1564.28,22.55,31.39,66.63,970.45,487.06
34.38,41.35,-1.343,-1.832,0.627,407.35,639.5,22.04,25.28,38.52,966.26,927.48
23.34,30.11,1.142,0.009,-1.696,786.95,1645.36,26.09,30.53,46.36,959.07,581.74
29.96,41.74,-1.778,0.098,1.6310000000000002,556.56,572.79,33.91,30.52,30.1,974.28,520.6
33.02,39.76,-1.107,0.036,0.371,578.97,537.49,21.12,22.61,32.81,954.97,484.78
30.99,47.8,-0.8119999999999999,1.413,0.506,236.26,1465.42,27.55,30.93,66.66,994.78,288.98
31.56,50.58,0.040999999999999995,0.36499999999999994,-0.511,740.04,1169.68,22.18,32.85,77.45,1021.9,339.54
25.63,51.27,1.97,-1.557,-0.069,393.47,229.52999999999997,32.5,27.17,42.46,977.48,975.38
28.89,53.72,-0.244,-0.07599999999999998,-1.195,584.93,263.95000000000005,24.6,32.07,67.91,978.43,268.51
20.79,46.49,0.848,-1.582,-1.263,616.46,1655.03,31.67,28.75,31.27,1039.0,130.5399999999999
28.72,49.89,0.103,-0.693,-0.008,709.31,1760.89,27.74,30.59,50.01,1031.35,757.23
28.46,75.0,0.382,1.133,-1.612,662.63,1096.99,20.7,22.21,74.26,1031.54,886.86
28.68,75.38,-1.54,-0.374,-1.047,284.22,410.55999999999995,23.61,30.42,35.29,1018.31,967.72
30.77,58.44,0.882,-0.203,-1.98,781.02,1791.97,22.72,34.84,50.51,1046.72,148.24
29.77,57.86,-0.677,0.054,-1.059,282.72,1166.15,27.76,32.57,51.68,1031.24,827.95
30.14,64.71,0.6000000000000001,0.245,-0.039,447.05,1980.17,34.16,33.15,57.02,969.65,266.36
28.34,72.14,0.944,-0.512,0.182,514.12,256.14999999999986,25.47,26.28,60.52,1020.65,891.6
28.9,51.8,1.235,0.8,-1.348,614.26,1934.28,31.35,33.96,43.41,988.92,511.4
25.47,40.96,-1.859,-1.517,-0.725,266.48,206.23000000000002,24.53,31.32,33.55,952.33,273.34
33.66,78.83,-0.254,-1.002,1.212,266.2900000000001,1443.83,21.37,27.83,37.88,1028.4,313.7
31.19,60.6,-0.43999999999999995,1.136,0.08099999999999999,250.04,947.12,22.18,28.61,50.14,1032.6,617.54
30.26,79.03,1.074,1.411,1.93,736.53,1379.34,24.97,34.21,58.31,1047.51,340.68
25.78,46.98,-0.787,1.011,1.6399999999999997,251.18,693.08,31.97,21.76,50.72,1042.51,428.96
31.49,75.23,1.936,0.551,1.56,728.05,1968.58,28.38,24.22,47.13,1047.31,168.41999999999996
34.09,31.51,-0.401,-1.1739999999999997,0.11800000000000002,332.25,1925.46,28.43,29.22,76.73,1030.1,909.77
31.18,65.98,0.281,-0.9979999999999999,0.794,749.5,1147.65,23.11,21.55,41.49,1044.32,789.76
23.05,32.4,1.2520000000000002,0.351,1.446,319.97,1867.77,27.59,23.38,60.16,1013.62,673.38
24.35,46.5,1.189,1.147,-1.42,722.34,1224.59,25.02,22.23,78.68,981.72,313.54
28.38,37.1,0.152,1.221,1.151,302.18,1395.56,22.91,34.6,34.83,1026.98,224.75
22.25,78.3,0.147,-0.028999999999999998,-1.614,224.37,1028.94,23.77,30.88,49.1,951.18,571.42
24.67,55.93,-0.7529999999999999,0.5,1.902,352.52,1876.3,28.9,30.73,37.35,1039.35,914.04
33.47,73.92,1.9990000000000003,0.118,-0.304,766.31,827.26,33.86,30.49,53.69,996.72,658.25
26.23,46.33,0.786,0.35,-0.397,526.14,321.20000000000005,27.07,33.49,35.04,1021.31,755.19
28.17,60.63,-0.065,-1.858,0.69,552.79,1331.24,23.24,25.49,70.7,980.47,115.32
28.85,51.92,-1.28,0.258,1.487,284.14,335.0099999999999,24.12,34.35,35.02,1037.56,293.69
26.45,69.22,0.49900000000000005,-0.559,0.8709999999999999,462.65,962.43,29.56,21.85,64.06,1031.02,226.99
25.9,78.07,0.617,-0.079,0.549,359.52,313.13,24.8,20.89,48.11,1028.81,497.91
22.83,43.0,-1.749,0.554,0.398,600.96,1114.04,29.48,30.69,79.52,971.34,978.8
28.84,72.97,-0.407,1.444,-0.589,546.76,1836.8,31.78,34.04,63.99,1042.79,214.28999999999996
28.48,67.81,0.897,-1.785,-0.063,223.78999999999996,1571.47,34.82,25.88,60.86,1019.32,250.48000000000002
26.56,68.26,-1.441,-1.06,0.302,378.01,515.33,21.92,24.42,30.8,963.82,775.59
33.97,75.89,-1.938,-0.809,-0.708,722.92,344.02,26.15,31.69,30.43,1040.42,617.6
27.83,52.3,1.985,-0.573,0.23599999999999996,382.14,378.04999999999995,30.31,26.24,70.57,981.47,609.7
34.4,65.67,1.824,1.734,1.954,509.0,496.5899999999999,29.12,29.3,38.76,1037.58,225.43
24.37,67.25,1.313,-0.837,-1.977,379.64,1597.19,34.79,28.87,41.14,1031.04,141.31
21.92,58.09,0.336,-0.83,-0.83,419.61,1448.08,31.8,23.21,46.02,1047.23,809.59
31.14,50.41,-1.8709999999999998,-1.51,1.553,368.03,174.39,23.97,34.97,65.16,1038.89,764.41
27.2,35.06,-0.204,0.432,-1.78,265.99,1792.24,25.31,21.61,47.84,1008.88,341.01
28.62,31.36,-1.3389999999999997,-1.915,1.164,307.38,1586.75,29.69,27.72,67.12,1016.59,336.46
21.13,72.76,0.083,-0.144,-0.089,665.0,1919.61,22.37,33.78,49.32,1021.63,562.31
33.18,47.95,-0.797,-0.513,-1.711,560.38,1245.06,27.55,20.58,37.92,963.48,706.46
20.29,69.01,1.4329999999999998,-0.788,-1.825,745.16,1740.48,26.59,24.86,37.15,1011.01,691.13
28.42,62.84,-1.62,-0.348,-1.519,326.11,464.9100000000001,20.18,29.44,34.24,1032.92,506.37
22.84,79.36,-1.488,-1.842,0.07899999999999999,310.86,961.78,32.68,32.02,55.45,1006.41,887.97
26.68,46.3,1.914,0.513,-0.266,514.52,270.6700000000001,31.79,33.37,34.12,1035.12,422.27
21.27,58.61,-0.256,1.358,1.39,717.69,1043.41,22.23,31.96,35.2,950.91,804.33
25.99,51.53,-1.8,0.254,0.7879999999999999,233.0,1311.44,23.96,27.26,55.9,1030.44,756.16
29.31,30.48,-0.34,0.107,-0.181,250.82,646.98,21.36,29.54,41.0,998.8,209.41999999999996
20.13,71.45,0.732,0.724,-1.331,335.63,430.0400000000001,24.6,32.98,52.91,987.79,927.1
24.94,33.97,0.002999999999999999,-1.399,-0.441,532.29,1222.99,23.08,25.49,70.85,953.73,868.31
26.28,71.58,-0.367,-0.046000000000000006,-0.045,330.46,852.27,32.0,31.39,42.36,1036.01,620.97
26.45,64.5,-0.129,0.46,0.38,521.42,304.88,28.15,31.81,68.36,980.37,841.33
25.36,77.74,0.043,-1.547,-1.8779999999999997,308.91,258.51,28.99,27.4,79.54,977.58,421.16
22.38,45.95,-0.038,1.107,1.239,241.13,1398.65,32.34,33.69,65.31,979.32,563.52
32.67,37.42,-0.818,-1.5689999999999997,0.727,402.32,1450.64,20.66,20.05,46.12,984.23,127.06
28.82,37.26,1.57,0.069,0.35,649.35,885.2,28.82,26.35,58.08,990.72,190.07
31.01,40.99,1.973,0.184,-0.10600000000000001,575.97,1464.11,29.38,28.2,68.69,987.3,860.02
31.12,46.44,-0.289,-1.365,-0.7049999999999998,446.78,1749.48,33.22,21.15,48.0,1004.55,952.87
20.62,41.92,-1.8249999999999997,1.022,0.214,329.89,1417.32,21.76,27.62,47.6,1027.87,292.88
33.72,45.11,0.31700000000000006,-1.811,0.32400000000000007,671.59,734.57,34.83,25.97,45.58,1007.62,875.74
22.21,66.37,-1.627,-0.127,0.687,374.1,1785.82,33.57,24.29,31.65,1019.93,239.46000000000004
20.4,30.13,-1.545,0.374,1.106,692.73,960.9,22.96,22.56,47.82,1017.02,571.44
22.41,62.93,-0.211,0.576,0.278,776.34,1107.01,20.76,32.72,31.6,1042.08,485.56
21.46,56.8,1.501,1.711,-0.997,335.84,1428.17,25.97,33.22,38.44,960.51,740.95
33.7,50.93,0.688,1.617,-1.609,303.31999999999994,1191.18,34.52,22.96,57.17,960.73,659.93
30.1,72.96,-1.083,-0.656,0.04299999999999999,379.84,1741.8,28.62,32.21,33.66,1026.36,146.99
27.5,73.73,1.061,0.327,-0.832,456.09,294.05999999999995,32.56,33.71,49.45,973.79,364.2
32.12,47.71,-0.354,-0.6120000000000001,-1.202,663.6,1001.38,30.9,30.77,30.45,1043.12,586.33
20.22,32.67,-1.824,1.85,1.835,731.59,1485.17,23.13,33.52,63.01,1048.23,884.19
27.77,67.39,1.007,-0.465,1.738,322.98,1234.87,24.91,27.92,51.45,1020.9,215.23000000000002
32.49,42.9,-0.283,-0.037,1.055,637.41,1045.91,34.44,25.96,73.82,971.45,845.61
23.0,33.82,0.167,0.349,1.286,739.71,1222.8,26.01,27.68,59.41,952.11,664.97
24.01,34.9,0.747,-0.29,1.2869999999999997,428.76,648.79,29.36,29.64,57.94,955.11,448.59
23.56,67.5,0.040999999999999995,1.526,1.3250000000000002,610.33,1718.19,23.92,27.9,53.57,971.27,123.18
26.67,70.37,-1.132,-0.698,-0.098,335.94,1927.79,28.55,20.39,33.1,995.45,578.78
26.1,75.62,1.938,-1.956,1.4440000000000002,510.46,865.5,30.67,27.61,57.51,955.47,618.59
30.56,39.11,-0.708,1.6800000000000002,-1.654,345.02,104.30999999999995,28.5,34.1,62.04,981.84,209.3
31.02,49.57,-0.065,1.289,-0.942,493.74,1233.36,34.33,26.89,75.66,985.93,155.11
29.31,72.44,-1.108,0.704,1.095,573.55,1829.4300000000003,30.2,32.64,63.32,980.79,775.36
22.44,53.44,0.268,0.456,-0.797,611.59,1729.22,23.05,20.96,39.61,973.55,103.70999999999998
21.34,34.81,-1.2,-1.663,-1.406,605.05,1888.64,21.77,26.94,40.47,1028.65,522.61
23.09,73.17,-1.616,1.474,-1.083,603.99,490.02,28.37,26.79,37.56,961.95,699.63
32.66,31.22,1.293,-1.175,0.942,517.63,1191.42,34.14,23.01,39.72,995.93,907.47
23.7,41.85,1.017,-1.625,-1.884,463.59,674.45,34.0,20.62,67.29,982.71,934.65
34.65,52.17,1.948,-0.012000000000000002,-0.87,413.95,619.84,26.81,27.79,69.58,950.51,861.41
31.54,64.01,-0.884,-1.54,-1.8,685.04,152.14,28.26,34.25,52.07,961.08,543.34
29.58,31.83,0.14099999999999996,-1.761,-1.886,636.67,1784.57,22.09,28.35,72.22,1013.58,906.08
20.55,33.93,0.642,1.189,-0.045,416.48,266.78,25.06,23.0,58.48,993.17,118.34000000000003
29.44,37.71,-1.001,0.899,1.987,698.92,707.04,22.18,22.22,34.62,1039.74,471.3
32.05,55.29,1.612,1.5849999999999997,0.23499999999999996,699.17,1637.35,28.29,28.94,71.24,1030.88,921.01
22.68,30.61,1.938,1.749,-1.613,377.19,1476.03,29.89,29.79,62.76,1002.96,818.87
34.0,34.58,-1.194,-0.545,-0.34,311.42,183.44000000000005,20.65,28.44,76.44,953.61,139.01
27.31,73.55,-0.708,-1.6260000000000001,1.592,744.42,624.75,26.06,23.81,53.58,954.47,866.19
27.33,49.34,1.71,-1.987,0.813,227.14,1183.23,24.18,24.89,77.45,1035.33,314.53
30.07,61.46,0.0019999999999999983,0.047,-1.253,672.02,1232.99,30.64,24.09,58.9,966.71,741.61
29.32,67.39,-0.613,1.055,1.33,205.89,1538.06,20.69,34.55,54.22,967.94,119.80000000000001
28.76,59.68,-0.71,1.604,-0.258,650.92,1344.16,25.83,33.73,36.45,985.5,765.5
22.19,42.67,-0.028,-0.252,-1.056,708.82,1505.07,31.72,20.06,62.95,1030.18,592.71
24.91,60.56,0.098,-0.77,0.632,735.08,1848.54,26.2,23.78,38.99,985.26,546.82
26.67,70.33,-0.094,-1.388,0.882,280.14,1082.45,32.61,32.69,69.11,1010.87,879.06
21.99,59.7,0.0019999999999999983,1.006,0.403,443.85,1386.82,33.2,29.9,38.96,998.12,756.84
24.55,57.97,0.873,-0.184,-1.704,490.19,955.52,27.94,28.28,43.52,975.26,739.24
25.34,57.5,1.961,1.2960000000000003,-0.628,381.25,110.04999999999995,30.92,30.67,33.98,982.3,563.23
32.57,39.88,1.9159999999999997,-0.11,0.11699999999999999,731.86,1083.48,28.48,32.3,47.81,955.56,869.81
22.31,35.46,0.006999999999999999,1.626,-1.891,251.31,328.26,34.07,23.26,56.37,975.99,477.32
27.93,50.85,1.9880000000000002,0.495,-0.313,624.34,1518.59,23.57,22.46,67.15,956.55,865.66
29.89,36.59,1.488,0.314,-1.62,698.93,1819.85,21.41,20.74,69.33,1027.63,913.62
21.02,70.29,-0.247,0.377,1.126,210.15999999999997,1386.08,23.01,27.83,65.73,1040.11,739.64
31.02,49.62,-0.05500000000000001,1.462,1.242,405.46,1428.48,32.07,22.71,73.49,981.11,580.1
28.45,35.39,-0.115,-1.665,1.498,570.71,1489.13,25.76,26.13,59.02,986.59,265.45
25.18,43.45,0.178,-0.562,-1.753,218.45,1169.2,22.64,25.37,63.41,992.63,380.01
20.86,72.36,-1.303,1.717,-1.897,391.86,950.87,30.82,33.76,78.61,983.16,380.48
27.33,38.33,-0.2,-1.374,-1.087,411.7,495.86,27.38,21.37,77.56,986.91,215.10000000000002
29.49,58.89,-0.396,0.947,1.527,325.81,145.11,32.84,23.48,67.73,990.76,801.33
30.84,68.5,-1.048,-1.94,1.826,345.25,1676.7,29.72,33.38,38.63,1042.75,282.55
29.92,61.01,-1.151,1.857,-0.426,729.66,743.73,23.06,23.72,48.32,1008.55,234.15999999999997
25.26,32.36,-0.446,-0.033,-1.45,247.22000000000003,594.84,25.61,25.18,50.71,1019.96,840.81
27.63,32.74,0.9810000000000001,1.3339999999999999,1.803,769.85,977.38,34.13,34.73,57.77,1043.2,788.13
24.25,35.51,-0.48,1.64,0.8370000000000001,609.86,1844.62,22.37,32.3,70.96,980.9,897.41
33.93,34.8,0.436,-0.886,1.38,612.48,779.47,26.53,33.02,37.07,1031.91,425.06
26.32,66.65,-0.503,0.30799999999999994,0.848,543.34,1972.35,25.65,28.53,70.31,989.65,756.6
25.28,79.79,1.8960000000000001,-0.086,-0.965,549.4,1128.6,32.2,29.1,60.53,1028.53,967.73
25.31,79.19,0.155,-0.525,1.142,786.6,315.53999999999996,22.32,23.72,38.3,998.95,427.95
27.41,78.05,-1.229,0.013,-0.436,353.15,961.03,26.49,26.17,47.47,1048.69,695.74
31.09,77.71,1.5970000000000002,0.57,0.7349999999999999,670.59,1913.07,25.65,24.18,41.91,991.16,285.87
27.64,60.51,-1.79,0.608,0.9260000000000002,366.59,732.81,33.26,32.03,65.4,982.33,275.63
29.62,70.99,0.7609999999999999,1.91,-1.6480000000000001,674.55,1505.38,30.05,33.01,63.31,988.57,694.92
28.45,69.58,0.508,0.566,0.653,410.59,1722.27,33.97,21.87,42.33,1025.63,127.99000000000001
26.58,39.36,-1.573,0.153,1.868,780.64,1304.47,20.65,31.07,49.14,1007.33,287.11
32.61,49.52,0.49700000000000005,-0.6120000000000001,-0.313,740.53,254.39999999999998,20.2,32.75,39.2,953.96,120.30000000000001
31.07,65.59,1.993,0.962,-0.579,567.5,706.57,34.36,33.57,42.37,952.47,822.45
22.37,78.24,1.412,-0.443,-1.8989999999999998,287.76,875.91,24.19,27.48,40.86,1048.78,345.63
25.86,57.95,1.534,-0.243,1.922,551.59,195.04999999999995,22.91,26.9,67.44,1049.93,560.75
27.63,71.74,1.219,-1.532,1.436,728.94,656.38,22.59,22.94,43.39,1038.51,884.98
32.5,54.71,-0.318,0.819,-0.804,621.44,1922.57,22.5,27.02,60.92,958.2,652.83
27.67,44.24,1.831,-0.495,1.677,440.91,1764.77,33.06,22.45,45.2,1017.03,849.56
27.6,52.18,-0.581,0.5,1.303,315.0,1091.88,31.12,22.61,74.91,1000.81,418.07
31.31,34.3,0.3,0.108,-0.3,230.98000000000002,829.96,32.56,29.07,52.15,1007.43,494.79
34.45,35.38,1.795,-1.948,1.9460000000000002,568.77,1392.23,28.09,25.21,52.09,1016.76,616.48
20.87,31.29,-0.56,-0.596,0.7730000000000001,202.8,1062.65,25.78,31.88,79.44,1044.77,147.7
30.51,50.92,-0.898,-1.654,0.31,646.78,1537.54,20.05,28.53,79.14,1038.23,523.35
32.91,79.24,1.279,1.302,0.48700000000000004,308.71,1980.15,21.96,32.39,44.81,1006.74,569.71
21.67,58.3,0.041999999999999996,-0.963,-1.123,602.86,659.12,23.88,31.91,58.78,970.95,675.15
20.14,57.53,-0.811,1.931,-1.553,591.45,1602.46,26.64,21.63,36.65,985.84,116.69999999999999
20.72,31.41,-0.33,-1.6829999999999998,-0.577,284.72,901.14,31.78,31.0,67.88,1018.09,707.75
27.03,50.99,0.235,0.558,1.382,776.98,109.54999999999995,34.05,21.05,49.21,1000.28,387.01
34.34,76.8,-0.18500000000000003,0.147,-1.327,745.21,1592.24,22.17,21.14,68.1,964.65,407.52
20.11,54.7,-1.105,-1.376,-0.636,600.15,782.57,29.47,29.04,54.28,988.41,282.13
23.08,56.86,-1.519,1.747,0.48200000000000004,348.55,1631.71,34.29,32.3,36.73,973.59,825.17
27.07,61.0,-1.984,0.022,-0.924,725.01,1264.17,21.21,22.9,78.18,1037.71,349.27
30.92,72.54,0.52,0.455,0.6179999999999999,530.69,468.49,28.67,26.72,49.98,1017.8,574.12
28.65,44.87,-1.603,0.758,1.651,748.0,609.49,27.21,33.54,33.79,993.21,770.37
24.91,40.91,1.889,-0.926,0.68,505.42,1127.48,27.91,31.86,42.65,960.33,826.54
31.03,54.35,0.562,1.613,-1.685,389.31,1914.87,25.77,22.27,76.18,960.03,749.28
27.23,59.3,-0.288,-1.351,0.35,773.73,1459.04,31.29,30.82,74.39,1041.03,656.33
30.84,34.45,-1.853,-1.6410000000000002,1.526,229.25,1699.25,33.04,32.15,58.78,1014.96,753.8
28.34,56.73,0.749,0.039,-1.481,541.56,1718.82,25.12,31.12,40.14,1046.68,872.98
20.95,40.85,-1.367,-0.546,-0.546,692.96,1612.09,21.38,27.45,51.29,996.3,207.01
29.16,59.39,1.8039999999999998,-1.418,-0.965,485.6,1107.43,30.26,24.81,42.61,953.57,150.15999999999997
28.77,76.42,-0.567,-1.783,-1.118,568.75,1121.26,31.96,24.79,78.71,987.91,148.86
21.75,66.63,-0.009,0.40099999999999997,-0.301,263.37,953.47,24.75,24.78,73.69,1029.22,984.52
23.25,31.2,0.297,1.07,0.609,251.49,204.76999999999998,27.71,25.35,51.98,989.61,366.19
31.52,35.66,-1.088,-0.04,-1.342,731.36,1125.39,31.01,27.14,73.65,1036.22,906.85
27.53,61.32,-0.092,-0.0019999999999999996,0.47400000000000003,690.38,1502.99,32.44,27.11,56.11,1001.19,784.76
31.9,53.58,-0.68,0.233,-0.159,499.17,385.4200000000001,31.43,34.44,56.81,965.89,210.46000000000004
31.29,74.35,-1.405,-1.124,0.688,422.42,515.87,27.71,28.25,37.49,969.87,893.45
25.65,76.84,-0.807,0.071,0.277,416.95,1481.93,27.97,24.89,75.87,968.56,688.35
23.97,42.0,-0.624,-1.785,-0.20200000000000004,368.14,155.55999999999995,20.62,28.85,43.55,967.66,244.66999999999996
23.95,68.49,-0.411,-0.782,-1.272,693.77,1389.61,25.18,21.48,51.19,1015.4,269.42
33.47,31.1,0.406,-1.9070000000000003,-1.087,694.24,1517.63,30.16,32.92,51.51,967.19,229.5399999999999
22.43,42.23,-1.066,0.037,1.548,429.58,1846.9,28.79,24.32,71.1,1028.27,819.66
26.04,30.84,-1.538,-0.463,-1.509,358.88,1075.94,33.63,30.49,58.25,1031.49,284.35
26.8,41.28,-1.357,1.188,0.83,703.55,951.65,24.02,29.56,73.63,1045.96,306.11
32.61,53.57,-1.36,0.9020000000000001,-1.569,490.11,487.3399999999999,29.94,20.54,63.69,993.27,691.98
27.59,36.8,1.266,0.632,-1.387,788.11,603.88,28.12,26.82,71.57,1014.99,388.23
29.16,41.69,0.603,1.879,1.4609999999999999,341.26,975.98,20.33,25.85,34.4,1004.64,796.06
26.81,36.28,1.432,1.694,1.136,367.81,1157.9,22.87,27.15,61.66,960.55,564.61
27.82,67.97,-1.594,-1.061,-1.146,611.62,512.08,23.02,32.46,38.65,1018.12,457.49
24.85,68.55,-1.162,1.181,-0.838,528.42,428.71000000000004,31.24,24.84,34.22,972.68,352.11
32.75,60.93,-1.039,0.407,0.10899999999999999,690.89,1297.66,25.06,20.83,66.41,968.25,620.58
20.88,55.48,-1.182,0.339,-1.2950000000000002,247.32,1143.45,30.72,28.38,45.9,992.35,680.09
30.08,47.42,-1.652,1.367,-0.236,398.83,561.11,29.19,22.94,50.67,966.29,495.13
29.45,63.58,0.196,0.181,0.028000000000000004,676.45,417.52,22.94,30.36,31.92,1035.28,856.75
32.4,56.42,1.92,0.30699999999999994,-1.4350000000000003,352.14,245.10000000000014,28.16,30.44,36.07,1047.73,903.23
34.75,46.11,-0.648,0.886,-1.461,284.26,857.79,28.8,24.63,45.16,998.4,955.34
22.69,46.58,-1.612,1.81,0.421,391.67,1057.64,28.78,32.42,40.41,982.79,941.23
21.81,38.65,0.974,1.532,-1.246,546.4,423.65999999999997,20.69,33.95,42.2,975.52,313.88
21.86,30.69,-1.286,1.028,1.418,425.69,550.07,28.42,20.98,31.66,1024.53,748.26
30.26,76.75,1.8499999999999999,1.054,-1.49,627.38,250.44000000000005,30.17,25.95,65.78,955.38,734.46
23.79,71.82,1.634,-1.6449999999999998,-1.636,434.56,871.17,22.94,25.13,63.02,1008.93,688.87
31.76,44.69,0.49800000000000005,-0.518,0.162,274.67,1905.59,23.56,23.33,50.97,1042.61,878.91
21.16,48.58,0.324,-1.091,-0.835,636.37,1166.71,30.67,30.92,36.68,1031.17,975.79
29.93,79.58,0.34500000000000003,-0.503,-0.286,782.77,1083.31,22.52,23.28,79.85,1000.69,975.16
26.31,39.1,-1.4539999999999997,-1.553,0.01200000000000001,711.96,1253.93,26.11,23.19,32.97,958.33,813.82
28.57,36.63,-1.831,1.114,-1.702,267.0899999999999,860.34,29.47,25.2,58.42,1015.67,571.27
24.78,67.95,-0.967,-1.1739999999999997,-1.734,708.35,1833.96,22.35,31.56,56.02,999.71,890.02
27.6,58.54,-1.953,-1.187,-0.744,214.89999999999998,1484.68,24.51,21.1,68.15,1034.83,717.75
30.82,49.49,-0.872,-1.239,0.262,432.82,1449.11,30.54,26.59,54.55,1009.22,688.13
31.59,47.94,-0.821,1.831,-0.9130000000000001,621.24,984.92,33.62,31.77,73.27,975.72,799.27
23.17,74.93,0.074,-1.103,1.9079999999999997,581.76,1779.73,24.52,34.21,52.79,959.72,252.32
34.21,56.25,0.034,1.933,1.649,558.98,104.12,31.09,28.4,56.04,1029.67,611.76
26.95,45.29,-1.952,1.713,-1.191,423.97,951.17,27.17,29.72,41.99,1021.64,856.01
34.31,77.7,1.189,1.731,1.551,330.87,1847.27,33.77,28.61,50.47,981.58,954.29
24.18,75.13,-0.67,0.72,-1.146,356.74,919.14,20.58,28.7,42.63,969.86,417.28
28.41,43.94,0.171,-1.77,1.894,675.19,1633.57,22.56,32.3,33.36,977.2,206.72000000000003
32.6,60.26,-0.8350000000000001,-0.47,-0.282,782.56,265.71000000000004,26.02,33.6,58.9,985.81,918.19
31.01,40.87,-1.372,1.505,-1.6649999999999998,757.41,1907.87,29.2,20.98,42.42,1010.37,417.46
23.91,59.09,-1.099,0.175,-1.564,650.95,1067.02,28.0,25.0,76.4,994.58,479.15
34.28,31.49,1.688,1.14,-0.221,269.38,1600.63,32.18,26.81,43.01,1017.57,327.65
31.15,38.88,1.562,-1.226,1.6,575.64,1152.14,32.91,32.34,43.73,961.83,932.36
20.79,72.57,-1.2760000000000002,-0.438,-1.3249999999999997,313.45,699.69,31.22,21.86,32.96,989.82,425.25
32.99,68.97,-0.443,-1.559,1.87,710.06,1710.23,29.01,23.84,67.32,1024.76,687.27
33.05,62.32,0.201,1.2,-0.925,401.26,841.34,25.99,31.39,39.42,1027.35,330.06
32.58,37.96,0.939,0.194,0.508,298.75,1345.04,23.67,23.21,43.76,1021.95,942.71
29.17,73.97,-0.193,-0.983,-0.063,638.63,1748.69,25.81,20.15,57.8,960.15,346.55
31.77,34.94,-1.981,-0.136,-0.725,639.76,1965.95,33.62,33.18,32.59,993.14,378.4
20.41,45.07,1.2950000000000002,1.434,-0.423,463.67,756.49,27.41,24.98,51.53,1047.39,858.04
31.44,39.58,-0.32499999999999996,-1.461,0.632,459.19,237.25,34.21,33.15,61.91,979.7,750.48
33.8,45.14,1.443,1.697,1.144,478.08,419.1700000000001,27.1,32.06,77.84,1029.66,485.74
23.15,77.4,0.654,1.4289999999999998,-0.802,521.05,1436.59,21.24,31.81,58.05,991.4,258.54
24.77,69.25,0.713,-1.9829999999999999,-0.21,648.02,1256.17,21.87,34.87,44.39,997.72,277.98
33.4,64.87,1.834,0.483,1.82,671.85,566.35,25.16,25.67,73.88,955.01,859.76
24.56,55.86,1.5,-1.756,1.658,629.08,143.33000000000004,21.64,32.64,40.64,984.75,260.27
30.23,43.17,1.615,1.276,-0.051,707.26,1156.82,24.09,24.79,40.81,1023.0,152.35000000000002
22.75,32.92,-0.665,1.8279999999999998,-1.785,654.75,1002.32,32.82,23.85,39.96,967.49,469.88
25.34,63.43,-0.112,0.783,0.064,781.82,1685.32,27.54,32.66,45.17,1017.92,882.97
30.68,68.79,-0.433,1.734,-0.989,293.24,1582.66,23.83,23.37,44.34,960.82,345.07
29.87,65.84,-0.784,-0.095,-0.306,532.37,858.36,32.35,23.06,55.2,966.48,938.39
31.43,71.3,0.753,-0.341,-1.809,282.82,632.32,27.42,26.85,50.2,988.96,914.68
32.28,64.67,0.274,-0.713,-0.842,776.78,1962.74,34.32,27.66,48.12,1040.19,723.82
33.99,58.06,-0.498,1.037,-0.833,423.09,1882.68,33.06,20.63,71.31,1006.35,343.83
29.69,65.58,-1.6670000000000003,1.252,-1.876,773.24,238.73000000000002,27.18,34.54,75.2,1019.92,161.31
32.25,51.17,-1.191,-0.105,-1.143,615.82,947.92,31.5,23.93,30.02,1027.18,678.48
34.51,53.0,-0.949,-0.126,1.623,460.15,1539.64,21.59,26.2,30.63,978.53,377.43
34.29,75.54,0.59,-0.139,-0.027,491.09,426.65,31.54,27.0,74.49,1036.66,147.94
26.18,78.66,1.257,0.18,-1.158,702.22,1889.59,27.53,30.2,54.49,1042.22,106.10000000000002
26.45,79.22,-1.022,1.117,-0.757,264.31000000000006,625.08,27.76,31.06,36.9,995.87,567.76
32.989279757672456,68.91175507691196,1.244965511680015,-0.29402768210705904,0.31527596205534114,400.6415592956919,1498.7472017354041,25.399260779586882,32.47164139338337,70.52534497569228,959.3020167525111,249.5079379960593
29.253650064437647,67.63458884321473,-0.8633124590367321,1.6413247609696755,-0.4016802626574609,594.7040938814789,1365.28260397671,23.642688738873847,31.29385699907601,36.82726102485479,987.3501843878516,675.4510040992891
